@id	@lon	@lat	name	website
21015347	15.4323850	47.0298732	Puntigamer Brauhaus	
21306981	15.4782858	47.0514201	Kings Wok	
26412910	15.4710757	47.0308197	Venier's	http://www.veniers.com
26899232	15.4482614	47.0756757	Propeller	http://www.propeller.co.at/
31622693	15.4557529	47.0468523	Hooters	
31622762	15.4617155	47.0381370	Römerstube	
31622775	15.4696412	47.0594344	Cuba	http://www.cafe-bar-cuba.at
31622878	15.4800526	47.0502833	San Pedro	http://www.sanpietro.at
31625406	15.4691032	47.0667357	Hubert Auer	
31625408	15.4605827	47.0678349	Philipp	http://www.konditorei-philipp.at
31625430	15.4377900	47.0669485	Gösser Bräu	http://www.goesserbraeugraz.at
36790855	15.4266559	47.0659601	Nil	http://nil.mur.at/
49192602	15.4375989	47.0740742	Aiola upstairs	
63621200	15.4523885	47.0726465	pharmacy bar	www.pharmacy-bar.com
251710887	15.4337489	47.0717298	Cafe Centraal	http://www.centraal.at/
251710888	15.4344504	47.0706420	Tribeka	www.tribeka.at
251710889	15.4339001	47.0710287	Kunsthauscafé	http://www.museum-joanneum.at/kunsthaus-graz/ihr-besuch/kunsthauscafe
251710890	15.4358726	47.0708520	Schwalbennest	
251710891	15.4387693	47.0705402	Sacher	
251710897	15.4407955	47.0711946	Eckstein	
251711052	15.4412508	47.0707092	Frankowitsch	http://www.frankowitsch.at/
251711053	15.4407441	47.0729828	Cafe Mitte	http://www.cafemitte.at
251711054	15.4400347	47.0735797	SternBar	
256098169	15.4108216	47.0536389	Mario's Treff	
256488416	15.4246652	47.0634958	For You	
257412119	15.4237922	47.0669589	Gasthaus Doppler	
257412122	15.4250872	47.0672467	Ungerhof	http://www.ungerhof.at/
257412123	15.4255190	47.0670288	Cafe Monaco	
257412125	15.4269241	47.0673459	Prince Charles	
257732193	15.4346064	47.0733391	Insel Café	
260443425	15.4087927	47.0719098	Ritzi's	
266014132	15.5117290	47.1019534		
266037585	15.5123100	47.1026565		
266037586	15.5130626	47.1040953		
266332008	15.4161184	47.0550379	Cafe-Restaurant Elisabeth	
266479122	15.4361044	47.0714641	Flann O'Brien	http://www.flannobrien.at/
267255311	15.4748214	47.0564316	Kirchenwirt (vulgo Zechner)	http://www.kirchenwirt-stpeter.gws.cc/
267255441	15.4725518	47.0567185	Alibi	
267255482	15.4759048	47.0575627	Café Logo	
267256095	15.4520096	47.0656537	North	
267256633	15.4483565	47.0648688	Corti	
269063448	15.4029608	47.0707123	Sorger	
269225090	15.4012320	47.1081014	Red Corner	
269227786	15.4135897	47.1139557	Zum Feldwirt	
269444698	15.4208359	47.1056140	Kaffee Mühle	
269957911	15.4412307	47.0712636	Glöcklbräu	
270186861	15.5152659	47.1036227	Buschenschank Sattler	
270199336	15.3814072	47.0509684	Gasthaus St. Johann + Paul	
270330954	15.3737325	47.0340387	Orthacker	
270508849	15.4041088	47.0810800	Rathschüler-Muhr	
271409102	15.4696701	47.0642512	Steffis Café	
271410125	15.4014614	47.0731598	Beile	
271779034	15.3854165	47.0903413	Bergheuriger Mausser	
274237132	15.4631541	47.0601822	Trattoria	
275416620	15.4329631	47.0282741	Temmel	
275529960	15.4964642	47.0701267	Mostschänke Schloss Lustbühel	
275530402	15.4787541	47.0506724	s'Kirscherl	
276960140	15.4477908	47.0722487	Cohibar	
276960161	15.4440816	47.0686887	Carl	
277698073	15.4367279	47.0730256	Reinerhof	
277698854	15.4351831	47.0737170		
277700351	15.4014928	47.0708952	Asia Wok Royal	
278641299	15.4412610	47.0670560	Cafe Sorger	
279160391	15.3860316	47.0665910	Gaisberg Stubn	
279844208	15.3962720	47.0797134	Kreuzwirt	
280071630	15.4052994	47.0850104	Bokan	
280171006	15.4326595	47.0711130	Cafe Sorger	http://www.sorgerbrot.at/
280171073	15.4395729	47.0667560	Wein & Co	http://www.weinco.at/standorte/alle-standorte/9361
280171201	15.4395698	47.0663743	Deutsch	
280171402	15.4405871	47.0668002	eat Asia	
280235883	15.4361446	47.0691820	Stix II	
280236650	15.4343741	47.0694638	Der Steirer	http://www.der-steirer.at/
280236676	15.4345258	47.0694626	Kaffee Weitzer	
280237319	15.4341606	47.0698974	Mangolds	http://www.mangolds.at
281040829	15.4243341	47.0713952	Postl	http://gasthaus-postl.at
287504019	15.3902512	47.0706354	Pharaonentempel	
287632812	15.3873339	47.0646070	Gasthof Zum Baiernbrunnen	
288172337	15.4078245	47.0734555	Rincon Andino	www.rincon-andino.at
289182745	15.4669235	47.0622110	Café Bar Lounge PLÜ	
289887845	15.4380399	47.0665467	Neutorcafe	
290440103	15.4479259	47.0720120	Pastis	http://www.pastis.at
291463570	15.4403123	47.0715534	Molly Malone	http://www.molly-malone.at
291463571	15.4397802	47.0713952	M1 Cafe-Bar	http://m1-bar.at
291463572	15.4396876	47.0713677	Nachtexpress	
291464594	15.4464551	47.0668081	Athen	
291464824	15.4501682	47.0759792		
291464826	15.4497572	47.0763717	Bierfactory XXL	http://www.bierfactoryxxl.at/
291464829	15.4464395	47.0785326	3 Goldenen Kugeln	
291465007	15.4197924	47.0715916	3 Goldenen Kugeln	
291465085	15.4330480	47.0732973	Brot&Spiele	
292476935	15.3734481	47.1115959	Raachwirt	
292478042	15.3940199	47.1003797	Konditorei Renn	
297464322	15.4420218	47.0712441	Santa Clara	
297464403	15.4419181	47.0713886	Stainzerbauer	
297758637	15.4731381	47.0714792	Buschenschank Schaar	
299067900	15.4348618	47.0750645	Taverne zum Güldenen Bären	
299587849	15.4474776	47.0768069	Harrach	
300958650	15.4366935	47.0714154	O'Carolans	
301265567	15.4452280	47.0770017	Fotter	
302596587	15.4173184	47.0722389		
304816813	15.4508368	47.0762607	Mensa Markt Uni Graz Sonnenfelsplatz	
309560419	15.4473415	47.0766191	Galliano	
312946789	15.4430915	47.0709234	The Office Pub	
312946791	15.4428865	47.0708695	The Spot	
312946798	15.4415273	47.0711057	Hasenstall	
312946799	15.4395355	47.0718696	Dizzy's	
312946800	15.4332816	47.0734931	Miles : Jazz Bar	
312946802	15.4333635	47.0734830	blendend	
316419529	15.4438171	47.0671951	Geflügel Draxler	www.gefluegel-draxler.at
316756802	15.4730551	47.0567999	Gambaro Rosso	
317335810	15.4325893	47.0742476	Die Scherbe	www.scherbe.com
319117640	15.4242339	47.0726767	Resel Stube	
327381869	15.4290343	47.0767893		
330011818	15.4518867	47.0655560	South	
330064861	15.4510568	47.0695588	Bar28	
330261657	15.4371771	47.0709484	Weinstube Schmiedt	
330263916	15.4361294	47.0730459	Alte Münze	http://www.altemuenze.at/cms/1/
332349946	15.4013802	47.0703495	Das Eggenberg	http://www.das-eggenberg.at
333542773	15.4497427	47.0684064	Kork	
334652755	15.5120216	47.1021308		
344184756	15.4488569	47.0716777	Grammophon	
344195967	15.4267442	47.0710119	Foyer	http://www.cafefoyer.at
365547599	15.4031702	47.0731342	Roschitz Das Gasthaus	
366573470	15.4416203	47.0665948	Stockwerk	http://stockwerkjazz.mur.at/
369511880	15.4095360	47.0702586	Pucher	
369820208	15.4770244	47.1180704	Buschenschank Wastl	
371204083	15.4272499	47.0603629	Interspar Restaurant	
371388852	15.4637562	47.0400873	Interspar Restaurant	
377660879	15.4083814	47.0642940		
377660903	15.4082190	47.0642617		
377665204	15.4083378	47.0643959		
377665208	15.4081754	47.0643637		
387527897	15.4463102	47.0786672	Zeppelin	
387528628	15.4237405	47.0740590	Rondo	http://www.restaurant-rondo.at/
418639380	15.4506438	47.0802024	Bierbaron	
418715359	15.4452095	47.0779635	Lokal Müller	http://www.lokalmueller.at/
435044303	15.4109639	47.1165027	Taverne "Zum Kirchenwirt"	
442888896	15.4523215	47.0728575	Guest Room	
446721187	15.4440136	47.0722838		
446866223	15.4372953	47.0703169	Don Camillo	
448773583	15.4363660	47.0715977		
452490438	15.4395713	47.0712908	Yamamoto	http://www.yamamoto-sushibar.at
454412013	15.4484210	47.0755105	Beanery Coffee	
454412014	15.4461520	47.0753737	Ritter	
454470895	15.4476016	47.0791863	Bica	
465223694	15.4358855	47.0648157	Sorger	
465223749	15.4367077	47.0647812	Hubert Auer	
465227876	15.4011801	47.0682822	Cafe Casino	
465228631	15.4007887	47.0677848	Weinstube Jäger	
472629497	15.4095976	47.0698888	Gelateria by Luis	
482375479	15.4596263	47.0587709	Mensa	
485613309	15.4339142	47.0815858	China Restaurant Imperium	
508759950	15.4474170	47.0752560	Tset tsen	
510122998	15.3918359	47.0992715	Gasthaus Kokol	
540732926	15.4521941	47.0811293	Zum Weißen Kreuz	
560424402	15.4680284	47.0668684	Gasthaus Reinisch	
560544124	15.4493425	47.0759348	Geek's Café	https://www.facebook.com/Geeks-Caf%C3%A9-1693120194257119
560985778	15.4465115	47.0762540	Mond	www.chinarestaurantmond.at
566701248	15.4497292	47.0758341	Mangolds vis-a-vis	
566703094	15.4508812	47.0785836	ReSoWi-Cafeteria	
566804789	15.4469136	47.0751196	Degustibus	
568129694	15.4311571	47.0666869	Gasthaus zu den 3 goldenen Kugeln	http://3goldenekugeln.at/
568129696	15.4636767	47.0658607	Gasthof di Gallo	
568816532	15.4455175	47.0758102	B.eat	https://www.facebook.com/beat.graz
570339808	15.4333334	47.0715493	The Running Horse	
575136974	15.4407159	47.0727664	Hathi	
616791028	15.4388993	47.0695308	Welscherstubn	http://www.welscherstubn.at
616896682	15.4415730	47.0711161	Steirer Pub	Steirer-pub.at
616898598	15.4383610	47.0717384	Sorger	
662159421	15.4509623	47.0801713	Liebig	
691218641	15.4365017	47.0715297		
704495434	15.4588850	47.0753231	TriBeKa III	
727285349	15.5120455	47.1021797		
727285367	15.5119054	47.1020549		
759627874	15.4429536	47.0700314	Weinlokal "Der Keller"	
788311947	15.4478957	47.0876825	Cafe Rosenhain	
810497467	15.4840854	47.0475089	Azzuro	http://azzurro.at
812974781	15.3849026	47.0470110		
814764093	15.3881693	47.0484367	Gasthof Doktorbauer	http://www.dokterbauer.at
815231372	15.3959943	47.0566841	Famoos	
817549245	15.4334386	47.0731380	The Pub	
825158290	15.4685883	47.0816521	Cafe Kern	
829053573	15.4391662	47.0687939	Gerüchteküche	http://www.geruechtekueche.org/
829070260	15.4380503	47.0722002	Las Tapas	
829114314	15.4246116	47.0716847	Siam	
830458540	15.4522697	47.0593797	Gustotheke	
830477196	15.4528648	47.0592826		
830477209	15.4530046	47.0594168		
830477212	15.4530552	47.0593445		
830477220	15.4529091	47.0593860		
830477227	15.4528140	47.0593551		
835053147	15.4410944	47.0668329	Da Pina	
847359420	15.4400425	47.0735576		
847359462	15.4424325	47.0670721	Kung Fu	
847359541	15.4370320	47.0716472	Cafe Erzherzog Johann	www.erzherzog-johann.com
853676133	15.4602422	47.0840612	Purberg	
855364232	15.4418953	47.0687216	Maria Magdalena	http://www.maria-magdalena.at
855563284	15.4589939	47.0611526		
855563491	15.4590774	47.0611821		
855563550	15.4588007	47.0612381		
855563585	15.4590528	47.0613260		
856399596	15.4557429	47.0604292		
856399631	15.4551694	47.0604850		
856399663	15.4556919	47.0605119		
856399665	15.4556154	47.0606301		
860343830	15.4389451	47.0800091	Hendl Eck	
860412554	15.4395333	47.0661840	Tam Tam	
861376608	15.4404035	47.0634765	s'Biergartl	
861376630	15.4423013	47.0694766	Gelateria Roma	
863999549	15.4430997	47.0536941	Don Benio	
864679931	15.4459439	47.0576950	Restaurant Georgi	
864679942	15.4374841	47.0657570	Ganesha	http://www.ganeshagraz.at/
864679943	15.4395443	47.0659602	Milu-Milu	
866131273	15.4410387	47.0634761	Cafe 7	
868996156	15.4283623	47.0711871	Chillout	
876338129	15.4163018	47.0998706	Bianco	
876338130	15.4400760	47.0716468	Gabriel	
877058338	15.4388971	47.0709916	Temmel	http://www.charlytemmel.com/
879568181	15.4356978	47.0716827	Bärenloch-Hütte	
879568184	15.4487225	47.0616430	Blue Jean	
881888277	15.4320210	47.0663890	Shisha Palace	
885451366	15.4397231	47.0684275	Martin Auer	
885451566	15.4368901	47.0708355	Leiner's	www.leiners.at
885964148	15.4324249	47.0663750		
888204227	15.4370543	47.0707489	Peppone	
888735554	15.4403457	47.0708973	Herzl	www.dieherzl.at
888853135	15.4337651	47.0701808	Zur Alten Press	http://www.zuraltenpress.at
890457273	15.4365863	47.0656908	Cafe Restaurant Traude	
891954987	15.4313212	47.0740934	Tiffany Bar	www.tiffany-bar.com
897518093	15.4395686	47.0660853	Chang Thai	http://www.changthairestaurant.at/
899305818	15.4403268	47.0747847	Le Schnurrbart	https://www.facebook.com/le.schnurrbart
899427046	15.4410205	47.0461978	Black-Box	
904483878	15.4159451	47.0316818	Kommerzial	
905212298	15.4333902	47.0682375	Loft	
906742088	15.4396881	47.0724616	Hofbäckerei Edegger-Tax	http://www.hofbaeckerei.at
906948751	15.4416318	47.0735802	Buddha Bar	http://www.pfauengarten.at
911035765	15.4228323	47.0332933	IKEA Restaurant	
911035769	15.4170596	47.0338294	Restaurants im Center West	
925926051	15.4373060	47.0716819	Ernst-Fuchs-Bar	www.erzherzog-johann.com
926839011	15.4382618	47.0672584	Cafe Kaiserfeld	http://kaiserfeld.blog.com
926922260	15.4624156	47.0407163	3 goldene Kugeln	
926922266	15.4636759	47.0406823	Buddha	
926922391	15.4627963	47.0409161	Gotthardt	
929232430	15.4424356	47.0678115	Porto di Ferra	
929418362	15.4330707	47.0715039	Contra Punto	https://www.facebook.com/Pizzeria-Contra-Punto-305281269500842/timeline/
930653384	15.4404026	47.0710217	Il Centro Graz	
930653448	15.4392884	47.0713955	Torona	http://www.torona.at
937611039	15.4377404	47.0708900	Pronto	http://www.pronto.co.at
937611046	15.4391033	47.0692891	Landhauskeller	http://www.landhaus-keller.at
940425097	15.4630413	47.0408453	Don Camillo	
957115055	15.4466676	47.0491354		
957115069	15.4465155	47.0488866		
957115156	15.4464565	47.0491095		
957115205	15.4467882	47.0489201		
957115243	15.4466173	47.0488991		
963179276	15.4454336	47.0680364		
963179633	15.4454025	47.0678971		
963326842	15.4924311	47.1074591		
963326864	15.4929235	47.1072821		
963326867	15.4937380	47.1065888		
963326869	15.4943732	47.1066741		
963326922	15.4922573	47.1073671		
963326942	15.4940544	47.1064995		
963326955	15.4927249	47.1074508		
963326968	15.4938813	47.1068249		
963327029	15.4923740	47.1072449		
963327035	15.4926042	47.1071134		
963327055	15.4924676	47.1075140		
963327091	15.4943320	47.1066097		
963327134	15.4924521	47.1072737		
966133039	15.4552974	47.0602936		
968532281	15.4515410	47.0747467	Kulturhauskeller	
968912877	15.4396108	47.0779923		
968912878	15.4363022	47.0749248		
968912882	15.4367579	47.0761542		
968912890	15.4363915	47.0765289		
968912891	15.4348480	47.0766787		
968912904	15.4393070	47.0782173		
968912921	15.4348498	47.0766305		
968912928	15.4363807	47.0748527		
968912955	15.4366634	47.0765570		
968912957	15.4364568	47.0748954		
968912996	15.4347017	47.0760851		
968913001	15.4348115	47.0761507		
968913011	15.4365651	47.0760371		
968913023	15.4347726	47.0765894		
968913046	15.4347685	47.0766766		
968913073	15.4397292	47.0784847		
968913075	15.4363731	47.0749653		
968913091	15.4400330	47.0782597		
968913130	15.4348183	47.0762177		
968913133	15.4348071	47.0760875		
968913159	15.4347016	47.0762232		
971748357	15.4454382	47.0680292		
971748362	15.4454779	47.0680230		
971748370	15.4454552	47.0680281		
971748377	15.4455787	47.0679732		
971973161	15.4441964	47.0673783		
973782992	15.4573197	47.0698743	Axolotl	http://www.axolotl.at/
974990743	15.4292142	47.0459396		
974990860	15.4292818	47.0457072		
974990890	15.4294443	47.0459707		
974990961	15.4295119	47.0457383		
975889763	15.4548392	47.0645151		
975889766	15.4548202	47.0643768		
975889777	15.4548900	47.0645056		
975889793	15.4547144	47.0643555		
975889795	15.4551619	47.0641876		
975889798	15.4549055	47.0642579		
975889810	15.4550110	47.0641322		
975889823	15.4550535	47.0643159		
975889848	15.4546554	47.0644522		
978707909	15.4163003	47.0376752		
978708514	15.4164533	47.0378062		
978708841	15.4164531	47.0375924		
978709286	15.4166061	47.0377233		
978834993	15.4313733	47.0753993		
978835100	15.4313653	47.0755405		
978835177	15.4315412	47.0757092		
978835193	15.4318375	47.0755271		
978835226	15.4313039	47.0756439		
978835321	15.4313002	47.0755225		
978835326	15.4317753	47.0756320		
979281515	15.4291144	47.0851180		
979281651	15.4289700	47.0850272		
979281855	15.4292256	47.0848925		
979281965	15.4293427	47.0849693		
981231736	15.4201880	47.0955952	Gasthaus zum goldenen Hirschen	
982389719	15.4322042	47.0712862		
982622689	15.4677059	47.0789679	Impuls	
982622747	15.4679386	47.0790409		
982622980	15.4679547	47.0789496		
982623288	15.4677436	47.0790248		
982623377	15.4640409	47.0787519		
982623414	15.4677597	47.0789336		
985657741	15.4477504	47.0696009		
985657935	15.4476786	47.0695331		
985658106	15.4475602	47.0695912		
985658330	15.4476321	47.0696591		
986038377	15.4425176	47.0685173		
986038610	15.4426268	47.0684271		
986038706	15.4426771	47.0686020		
986062632	15.4369500	47.0758684		
986062682	15.4369651	47.0757013		
986608520	15.4175957	47.0722896		
987887167	15.4355394	47.0736885		
987887213	15.4361725	47.0715431		
987887382	15.4395976	47.0717345		
987887764	15.4393872	47.0717940		
987888673	15.4394049	47.0717025		
987889645	15.4352043	47.0736204		
987891164	15.4353956	47.0739323		
987891189	15.4394578	47.0716852		
987891565	15.4351810	47.0738822		
987891596	15.4351305	47.0738746		
991630447	15.4636310	47.0781736		
991630526	15.4466513	47.0787478	Cipollino	
991630550	15.4637634	47.0781489		
991630693	15.4637385	47.0781985		
991630706	15.4636558	47.0781240		
992768378	15.4616869	47.0385941		
992768389	15.4615327	47.0385480		
992768422	15.4577474	47.0401940		
992768455	15.4355229	47.0240884	Franzl Weinstube	
992768549	15.4574934	47.0400343		
992768611	15.4576124	47.0401006		
992768621	15.4344678	47.0289322		
992768651	15.4576634	47.0400089		
992768684	15.4575333	47.0400844		
992768815	15.4575476	47.0399103		
992768860	15.4575860	47.0401611		
992768881	15.4617321	47.0385234		
992768885	15.4577557	47.0399527		
992768922	15.4576486	47.0400429		
992768948	15.4575502	47.0400459		
992768982	15.4577999	47.0400737		
992769114	15.4615779	47.0384773		
992769119	15.4577256	47.0400216		
993871416	15.4534374	47.0570355	Stoariegelwirt	
994994742	15.4325317	47.0568130	XXXLutz Restaurant	
994995033	15.4266998	47.0591400	Admiral Games	
994995531	15.3950404	47.0498300		
994995536	15.4665224	47.0794813	Kostes	
994995999	15.3954760	47.0498194		
994996091	15.4584093	47.0753624	Cafe Anetter	
994996230	15.4048010	47.0528487	Admiral Sportwetten	
994996468	15.3954956	47.0500486		
994996840	15.3950528	47.0500612		
997045134	15.4627083	47.0645085		
997045188	15.4626121	47.0646278		
997045617	15.4624745	47.0645763		
997045860	15.4625707	47.0644571		
998600890	15.3998725	47.0224766		
998600905	15.3995900	47.0228847		
998600974	15.3994784	47.0228198		
998601050	15.3997557	47.0225607		
998601058	15.3997590	47.0227198		
998601086	15.3999653	47.0225434		
999313186	15.4469667	47.0689171		
1000235156	15.4321835	47.0713586		
1001279017	15.4520425	47.0751628	Three Monkeys	
1005689302	15.4535022	47.0660726		
1005689308	15.4533420	47.0661725		
1005689334	15.4534875	47.0661953		
1005689341	15.4533514	47.0660615		
1014657618	15.4501065	47.0698538	Eckhaus	www.eckhaus.at
1014657685	15.4513451	47.0694626	s´ RechBAueR	
1022612197	15.4465789	47.0663096		
1022705963	15.4099533	47.0818948		
1022706013	15.4099895	47.0820449		
1022706051	15.4099667	47.0820371		
1022706090	15.4097106	47.0820388		
1022706103	15.4099205	47.0820934		
1022706135	15.4098840	47.0820131		
1022706181	15.4097052	47.0819606		
1022706196	15.4098274	47.0820877		
1022706210	15.4100378	47.0819224		
1022706243	15.4096986	47.0820608		
1022706290	15.4097853	47.0820815		
1022706353	15.4096636	47.0820258		
1022706371	15.4097917	47.0821541		
1022706400	15.4099547	47.0821020		
1022706459	15.4097876	47.0820752		
1022706465	15.4098697	47.0821763		
1023075243	15.4466788	47.0663160		
1023075271	15.4466444	47.0662402		
1023075448	15.4466848	47.0662647		
1023075466	15.4465896	47.0662361		
1023075484	15.4466882	47.0662438		
1023341637	15.4312230	47.0741813		
1023341817	15.4311857	47.0746114		
1023343330	15.4316130	47.0755874		
1023343441	15.4312955	47.0742760		
1023343732	15.4312628	47.0745460		
1023344043	15.4313051	47.0745692		
1023345524	15.4312280	47.0746346		
1026751519	15.4452086	47.0670157	1001 Nacht	http://cafe1001nacht.at
1027319482	15.4516447	47.0746086	Orange	
1030160634	15.4253536	47.1022137	Chop Suey	
1033370527	15.4438669	47.0653032		
1033370924	15.4439216	47.0654468		
1033371046	15.4440247	47.0653469		
1033371174	15.4437608	47.0653712		
1033625320	15.3946959	47.0721278		
1033625330	15.3951940	47.0719462		
1033625332	15.3953316	47.0721213		
1033625333	15.3948336	47.0723029		
1034285727	15.4285481	47.0754509		
1034285965	15.4285073	47.0719634		
1034286073	15.4283540	47.0756371		
1034286186	15.4286136	47.0755038		
1034286377	15.4285888	47.0755445		
1034286397	15.4285573	47.0755356		
1034286407	15.4285478	47.0755512		
1034286442	15.4283741	47.0756428		
1034286494	15.4285079	47.0756167		
1034286523	15.4284746	47.0756712		
1034286530	15.4285112	47.0720126		
1034286690	15.4284114	47.0755429		
1034286720	15.4287230	47.0720047		
1034286773	15.4284621	47.0754598		
1034286837	15.4286315	47.0754744		
1034286888	15.4284794	47.0754314		
1036478541	15.4586042	47.0881174	China Haus	http://members.aon.at/chinarestaurant-chinahaus/
1046513577	15.4386942	47.0591230	Dartclub	
1050267109	15.4366870	47.0757302		
1050267361	15.4365134	47.0760568		
1050267555	15.4366222	47.0759445		
1050267566	15.4366786	47.0755956		
1050267606	15.4367345	47.0758204		
1050267680	15.4369259	47.0759086		
1050267819	15.4369585	47.0755921		
1055050873	15.4527224	47.0774790	Sorger	
1060247304	15.4366726	47.0709972	Cafe T.H.	
1060247363	15.4361188	47.0708706	barista's	
1060247437	15.4367686	47.0709843	Peter Weinstube	
1067761903	15.3951340	47.0465117	Grießner-Wagner	http://www.griessner.at
1083590202	15.4175600	47.0723802		
1084426931	15.4508375	47.0720899	Hubert Auer	
1088145945	15.4549991	47.0641463		
1088145980	15.4548870	47.0642847		
1092863051	15.4374479	47.0847371		
1096094048	15.4047262	47.0746147		
1096094076	15.4047458	47.0747980		
1096094097	15.4046048	47.0748050		
1096094103	15.4045852	47.0746217		
1097270996	15.4440115	47.0723458		
1097270998	15.4443420	47.0723510		
1097275713	15.4443443	47.0722837		
1097275714	15.4442542	47.0722823		
1097275722	15.4440149	47.0722436		
1097275724	15.4442554	47.0722474		
1098006492	15.4409180	47.0683704	Tribeka	http://tribeka.at
1098006502	15.4411373	47.0687925	Tchibo	
1098016183	15.4413417	47.0711484	Cafe Glockenspiel	http://www.glockenspiel.at
1098400976	15.4501004	47.0759622		
1098400982	15.4501915	47.0758496		
1098400984	15.4501676	47.0758432		
1099617698	15.4501506	47.0758733		
1099712263	15.4416154	47.0712444	Hemingway Bar	www.hemingway-bar.at
1099747135	15.4372958	47.0723634	la enoteca	
1100487243	15.4511855	47.0753281	Revolution	
1100664472	15.4462272	47.0676454	Cafe Bistro Santorin "Zum verlorenen Sohn"	
1100664481	15.4458523	47.0676846	Q	http://www.clubq.at
1103121576	15.4532601	47.0762659	Café Global	http://www.aai-graz.at/cms/index.php?page=heim-haus&hl=de_DE
1109082783	15.4288386	47.0888050		
1109082785	15.4290761	47.0887290		
1109082787	15.4289147	47.0886975		
1109082804	15.4288463	47.0887487		
1109082815	15.4289837	47.0888685		
1109142695	15.4299330	47.0370356	Zum Kochlöffel	
1109772615	15.4526013	47.0721377	Fontana di Trevi	
1111820852	15.4517874	47.0389138	Kutscherhof	
1119825954	15.4269348	47.0543097		
1119825973	15.4271331	47.0543015		
1119826125	15.4270939	47.0543598		
1119826128	15.4270261	47.0542679		
1119826163	15.4269740	47.0542515		
1129737263	15.4325995	47.0381974	s'Reindl	
1133577978	15.4600682	47.0757370	Leonhard Stüberl	
1158028124	15.4305638	47.0857174	Cafe Lang	
1162583065	15.4387639	47.0680599	Ducks Coffee Shop	
1164252612	15.4353441	47.0736389		
1171896189	15.4348217	47.0766179		
1171896212	15.4348034	47.0766082		
1195841741	15.4711018	47.0672213		
1195842182	15.4710504	47.0670871		
1195843094	15.4713294	47.0671310		
1195843571	15.4710983	47.0672317		
1195843971	15.4710062	47.0672173		
1195844533	15.4712688	47.0673094		
1195844786	15.4711645	47.0672930		
1197831412	15.4396545	47.0728856	coco	
1197831421	15.4400911	47.0736501	Seasons	www.seasons.at
1200796608	15.4337942	47.0724055	Opatija	http://www.opatija-restaurant.at/
1200796728	15.4210279	47.1032526	Happy Buddha	
1205514740	15.4004572	47.0256546	Neu Nagoja	
1213593782	15.4291780	47.0848808		
1213593794	15.4292109	47.0849022		
1213593799	15.4290799	47.0849883		
1213593800	15.4290572	47.0849713		
1213593801	15.4290955	47.0849382		
1213593804	15.4291275	47.0849590		
1226012003	15.4245803	47.1248063	Scherwirt	
1234442464	15.4332235	47.0678642	Grill am Gries	
1235206880	15.4235426	47.1136245	La Botte	http://www.la-botte.at
1239256152	15.4317432	47.0671094	Cinanbeyli Kulu	
1240370343	15.4230643	47.1128210	Cafe Feiertag	
1240613138	15.4267601	47.1037495		
1245374317	15.4485714	47.0353379		
1245374616	15.4486472	47.0352517		
1245375655	15.4484006	47.0351508		
1245375736	15.4483247	47.0352370		
1245706722	15.4235576	47.0686836		
1245706747	15.4233924	47.0686933		
1245706764	15.4234010	47.0687607		
1245892015	15.4238145	47.0696797		
1245892026	15.4237327	47.0696963		
1251189837	15.4040280	47.0962499		
1251189902	15.4040364	47.0962274		
1251189903	15.4039439	47.0962354		
1251189921	15.4041165	47.0962412		
1251189922	15.4039988	47.0960163		
1252395492	15.4555646	47.0380516		
1252395561	15.4552205	47.0379874		
1252395649	15.4555065	47.0380443		
1252395741	15.4551896	47.0379835		
1252395899	15.4552080	47.0379158		
1252395999	15.4553967	47.0380305		
1252396033	15.4553853	47.0380728		
1252396115	15.4555884	47.0379637		
1252396159	15.4554951	47.0380866		
1252396181	15.4552150	47.0380076		
1255781190	15.3998598	47.0226119		
1262535774	15.4364459	47.0749045		
1265783498	15.4210906	47.0379642	Valentino	
1274272029	15.4493526	47.0663408	Bella Vita	
1274759485	15.4523219	47.0726402	paparazzi street lounge at pharmacy bar	www.pharmacy-bar.com
1274902729	15.4524882	47.0727347	garden lounge at pharmacy bar	www.pharmacy-bar.com
1291616501	15.4767111	47.0782582		
1291616575	15.4767086	47.0782251		
1291616600	15.4766680	47.0783691		
1291616666	15.4768926	47.0782560		
1291616692	15.4766598	47.0782600		
1291616742	15.4769006	47.0783610		
1291616855	15.4768246	47.0782584		
1291616920	15.4768218	47.0782212		
1297826396	15.4322514	47.0713742		
1297826399	15.4323057	47.0713072		
1300510229	15.4588332	47.0611817		
1300510234	15.4557068	47.0604183		
1300510246	15.4551736	47.0604775		
1300510272	15.4555682	47.0606149		
1307317627	15.4518918	47.0713009	People's	
1315145875	15.4332169	47.0609955	Goldene Schwalbe	
1319828290	15.4658197	47.0662972	Cafe Marianne	
1320235051	15.4369629	47.0597239	Ralf's Come In	
1326949368	15.4400115	47.0782461		
1330600231	15.3841524	47.0310515		
1330600235	15.3839904	47.0311428		
1330600274	15.3841316	47.0310096		
1330600277	15.3841095	47.0310311		
1330600281	15.3841577	47.0311801		
1330600283	15.3840810	47.0311437		
1330600288	15.3839170	47.0310932		
1330600296	15.3839069	47.0311031		
1330600298	15.3840623	47.0311619		
1330600301	15.3840552	47.0309732		
1330600313	15.3842445	47.0310953		
1330600317	15.3840000	47.0310109		
1330600327	15.3839455	47.0309850		
1330600329	15.3840008	47.0311327		
1330600340	15.3840322	47.0309957		
1330600364	15.3838617	47.0310669		
1330600402	15.3840210	47.0309904		
1337999319	15.4132432	47.0707108	Wokkim	
1346360693	15.4402642	47.0741271	Condor	http://www.condor-graz.at/
1346360695	15.4316554	47.0755993		
1349426831	15.3981660	47.0984569		
1354803877	15.4448064	47.0719769		
1354803881	15.4446860	47.0720109		
1354803883	15.4447066	47.0719769		
1354803885	15.4447565	47.0720589		
1354803887	15.4447565	47.0719628		
1354803889	15.4447066	47.0720448		
1354803896	15.4448064	47.0720448		
1354803898	15.4448270	47.0720109		
1363117547	15.4585040	47.0689511	Weinstube Vallant	
1363125010	15.4505472	47.0677907	TriBeKa	http://www.tribeka.at
1363125013	15.4474506	47.0652296	Unterm goldenen Dachl	
1363125014	15.4514616	47.0679749	Bio-Laden Matzer	http://www.bio-laden.at
1363128984	15.4472277	47.0687778	Kitchen 12	http://www.kitchen12.at
1363128986	15.4467617	47.0678663	Sägewerk Klassik	
1363128988	15.4468417	47.0689603	Galerie Stehcafe	
1363132392	15.4413546	47.0725301	elenors	www.elenors.at
1363132399	15.4399405	47.0724418	Peppino im Hofkeller	
1363132401	15.4401633	47.0710168	Hoppala	
1363478707	15.4301414	47.0748052	Lendplatzl	
1363478713	15.4309354	47.0729711	Marschallhof	
1363478714	15.4309407	47.0729291	Stern	
1363478715	15.4333601	47.0710165	Koko	
1363478720	15.4313860	47.0748856	Miran Schaweder	http://www.falter.at/web/wwei/detail/6544/fisch-imbiss-miran-schaweder
1363478726	15.4320431	47.0746116	Santa Lucia	
1369216387	15.4446610	47.0662423	Music-House	http://www.music-house.at/
1369230035	15.4472581	47.0686045	Kaisers BBQ	http://www.kaisersbbq.at
1373206090	15.4292547	47.0699536	Café Graz	
1377124095	15.4504128	47.0637182	Lebensgfyhl	
1377471285	15.4537657	47.0564062	Captain’s Riff	
1382177683	15.5111437	47.1017257		
1386746851	15.4395094	47.0709001	Zeitlos	http://www.cafe-zeitlos.at
1391511736	15.4250970	47.1125405		
1391511775	15.4251548	47.1125833		
1391511787	15.4251273	47.1125909		
1391511823	15.4247673	47.1126322		
1391511836	15.4251893	47.1126407		
1391511837	15.4251657	47.1126472		
1391511861	15.4248022	47.1126904		
1391511865	15.4247729	47.1126986		
1391511868	15.4251980	47.1127009		
1391511876	15.4248079	47.1127569		
1391511902	15.4249805	47.1127614		
1391511910	15.4249924	47.1127813		
1391511914	15.4248749	47.1128139		
1399856977	15.4482508	47.0988430		
1399856981	15.4480444	47.0989081		
1399856984	15.4480495	47.0989589		
1399856989	15.4483507	47.0989769		
1399856991	15.4482799	47.0990116		
1399856993	15.4480151	47.0990242		
1399856995	15.4483928	47.0990362		
1399856998	15.4483608	47.0991025		
1399962009	15.4394753	47.0728977	Goldene Pastete	
1400109072	15.4153473	47.0443980		
1400109074	15.4146115	47.0443053		
1404007650	15.4412585	47.0766343		
1404007707	15.4395056	47.0783431		
1411138570	15.4523562	47.0659264	aroom	
1411138572	15.4498882	47.0672258	Blaukrah	http://www.blaukrah.at
1411138587	15.4505850	47.0663196	Tintenfass	
1411205656	15.4440311	47.0620590	Goldener Apfel	
1411544004	15.3928009	47.0995459	Antonis	
1413431084	15.4437603	47.0618319	Kaffeesiederei Schraußer	
1422456141	15.4401063	47.0683860	Mild	http://feinkostmild.at/
1425742782	15.4533767	47.0728736	Thomawirt	http://www.thomawirt.at/
1425742785	15.4575431	47.0705524	Wallerie	
1428294975	15.4566549	47.0864422	Das Lorenz	http://www.daslorenz.at
1430926640	15.4336529	47.0675630	Dainadoo	http://www.dainadoo.at/
1432474108	15.4275231	47.0776511	Zur Gemütlichkeit	
1433225428	15.4225661	47.0809615	Cafe Bar Rali	
1433393758	15.4245259	47.0832448	Floßlendstüberl	
1433613744	15.4485926	47.0643103	Pirsch Stüberl	
1433733883	15.4295051	47.0806274		
1433733884	15.4296261	47.0806931		
1433733885	15.4293730	47.0807854		
1433733886	15.4294895	47.0808104		
1434330631	15.4504665	47.0719914	Barista's Music & Art	www.baristas.at
1435328903	15.4290544	47.0711568	Hubert Auer	
1438220158	15.4309443	47.0768104	Omoka	
1438437890	15.4222576	47.0841544		
1438450806	15.4147164	47.0913467	Zunki	
1438451446	15.4177556	47.0884733		
1438451447	15.4178578	47.0885346		
1438451449	15.4177337	47.0886377		
1438707644	15.4321831	47.0608538	Morrehof	
1439091491	15.4222482	47.0839599		
1439091492	15.4222063	47.0839697		
1439091493	15.4223244	47.0839791		
1439091494	15.4222390	47.0839832		
1439091495	15.4219571	47.0841171		
1439091496	15.4220036	47.0841249		
1439091497	15.4222741	47.0841311		
1439091498	15.4219784	47.0841363		
1439091499	15.4220958	47.0841472		
1439091500	15.4220744	47.0841612		
1439091501	15.4222444	47.0841721		
1440170202	15.4740112	47.0566058		
1440170204	15.4739193	47.0566060		
1440170207	15.4740767	47.0566190		
1440170208	15.4740112	47.0566191		
1440170209	15.4739194	47.0566268		
1440170217	15.4738047	47.0566270		
1440170219	15.4738048	47.0566489		
1440170220	15.4737107	47.0566490		
1440170245	15.4740774	47.0567785		
1440170247	15.4739007	47.0567789		
1440170249	15.4738005	47.0567885		
1440170250	15.4737113	47.0567887		
1440170262	15.4739008	47.0568090		
1440170264	15.4738593	47.0568091		
1440170280	15.4738598	47.0569252		
1440170282	15.4738011	47.0569253		
1440170600	15.4712918	47.0575140		
1440170627	15.4714250	47.0575653		
1440170683	15.4711771	47.0576522		
1440170713	15.4713102	47.0577035		
1446186235	15.4569843	47.0697253	Cafe Weingrill	
1446291307	15.4396548	47.0733509	Trailer	
1447489205	15.4414032	47.0614916	Posthorn	
1448534627	15.4941190	47.1065252		
1448534628	15.4940753	47.1065361		
1448534635	15.4941766	47.1066406		
1448534641	15.4928014	47.1072050		
1449672099	15.4438083	47.0540563	Cafe "	
1454714897	15.4250128	47.0830343	Zeillerhof	
1454908660	15.4967341	47.0768809	Sorger	
1457222996	15.4283576	47.0888567	Bäckerei König	
1458481500	15.4363165	47.0716778		
1458481503	15.4364043	47.0717213		
1458481505	15.4363717	47.0717358		
1458481507	15.4363846	47.0717390		
1458481509	15.4363943	47.0717415		
1458649801	15.4468652	47.0679489	Sägewerk ToGo	http://diebausatzlokale.at
1458649813	15.4469324	47.0680208	Osteria - Opernblick	
1460353496	15.4440050	47.0652922		
1460353499	15.4439339	47.0653412		
1460353502	15.4440552	47.0653191		
1464504989	15.4458653	47.0678167	Mexcalli	
1464830355	15.4426398	47.0655264	Hong Kong	
1468770814	15.4482892	47.0649418		
1469731374	15.4443341	47.0739945		
1469731375	15.4442634	47.0740273		
1469731386	15.4441826	47.0739068		
1469731388	15.4443492	47.0739442		
1469731389	15.4442495	47.0739042		
1469731390	15.4441306	47.0739871		
1469731391	15.4443450	47.0739679		
1469731392	15.4442231	47.0740246		
1469731393	15.4442862	47.0739113		
1469731403	15.4442153	47.0739153		
1469731406	15.4443090	47.0740154		
1469731410	15.4441896	47.0740209		
1469731412	15.4442929	47.0739341		
1469746529	15.4557786	47.0924290		
1469746536	15.4556454	47.0923059		
1469746549	15.4556162	47.0923812		
1469746554	15.4556272	47.0924018		
1469746559	15.4558252	47.0923002		
1469746562	15.4557909	47.0923971		
1469746565	15.4556339	47.0923844		
1469746577	15.4556881	47.0922756		
1469746579	15.4556744	47.0923111		
1469746580	15.4558276	47.0924037		
1469746587	15.4558536	47.0923367		
1469746589	15.4558138	47.0923296		
1470825756	15.4520723	47.0605197	Steirerstüberl	
1470825769	15.4481937	47.0633534	Ahaan Thai	
1477146831	15.4035572	47.0293449	Zum Mandarin	
1477146972	15.4315034	47.0301068	iClub	http://www.iclub-graz.at/
1479044928	15.4678190	47.0217330		
1479044944	15.4679426	47.0217753		
1479045039	15.4677146	47.0218750		
1479045105	15.4678382	47.0219172		
1479045860	15.4691802	47.0224974		
1479045909	15.4692877	47.0225477		
1479045918	15.4690927	47.0225554		
1479045943	15.4691124	47.0225647		
1479045987	15.4692149	47.0226200		
1479046022	15.4689941	47.0226533		
1479046039	15.4693083	47.0226637		
1479046158	15.4692147	47.0227566		
1480603057	15.4314619	47.0756874		
1481342768	15.4363988	47.0764977	Die große Fernberger Bastei	
1481342769	15.4365043	47.0760833	Dr. Friedrich Emich	
1481342782	15.4364755	47.0761698		
1482361396	15.4472572	47.0788995	The Churchill	http://www.thechurchill.at/
1483304663	15.4387474	47.0791678	Hakuna Matata	
1487593972	15.3993211	47.0614391	Maria	
1488559157	15.4030914	47.0540219	Wagner	
1489775697	15.4292740	47.0457341		
1489775698	15.4294262	47.0459683		
1490550778	15.4437897	47.0653848		
1492540543	15.4214773	47.0712574	Happy Day	
1493185868	15.3828016	47.0612041		
1493311423	15.4197895	47.0747878	Babenbergerhof "Zur Klöpferwirtin"	
1494657646	15.4525022	47.0752649	Merano	
1494660390	15.4519201	47.0748630	Gecco	
1495573995	15.4257795	47.0899117	Körösi	
1495809480	15.4329004	47.0611538	Cafe	
1495809481	15.4330641	47.0621262	Cafe-Club Silver	
1505600349	15.4009038	47.0635470	Cafe Sandy's	
1517963574	15.4864006	47.0451295		
1517963582	15.4866063	47.0451696		
1517963667	15.4865881	47.0452129		
1517963670	15.4866930	47.0452333		
1517963680	15.4866833	47.0452563		
1517963684	15.4864337	47.0452886		
1517963702	15.4865351	47.0452859		
1517963705	15.4867411	47.0452676		
1517963718	15.4863210	47.0453190		
1517963722	15.4865264	47.0453067		
1517963726	15.4866041	47.0452993		
1517963772	15.4864133	47.0453370		
1517963777	15.4865953	47.0453205		
1517963779	15.4866170	47.0453247		
1517963868	15.4865811	47.0454101		
1517963872	15.4866736	47.0454282		
1517973096	15.4935340	47.0538018		
1517973139	15.4933289	47.0538471		
1517973156	15.4934794	47.0538562		
1517973196	15.4935340	47.0538817		
1517973237	15.4934921	47.0539233		
1517973276	15.4932385	47.0539369		
1517973278	15.4936059	47.0539574		
1517973279	15.4936440	47.0539548		
1517973280	15.4938316	47.0539408		
1517973296	15.4936300	47.0539687		
1517973316	15.4933856	47.0540056		
1517973317	15.4937620	47.0540099		
1517973322	15.4933689	47.0540223		
1517973328	15.4934519	47.0540344		
1517973336	15.4934336	47.0540525		
1517973340	15.4935040	47.0540587		
1529456817	15.4440533	47.0676590	Area 5	
1532638370	15.4338835	47.0719256	Kawango	www.kawango.org
1532663163	15.4760406	47.0524552		
1532663180	15.4759839	47.0525102		
1532663182	15.4760333	47.0525338		
1532663185	15.4762057	47.0525340		
1532663203	15.4761539	47.0525843		
1532663207	15.4761870	47.0526002		
1532663211	15.4760222	47.0527605		
1536753517	15.4439046	47.0656131	Frühbar Szene	
1536753835	15.4475263	47.0725673	6 in the City	
1539784988	15.4413744	47.0709750	UP25	http://www.up25.at
1540270948	15.4439511	47.0671703	Culinarix	
1544572591	15.4219676	47.1033507		
1544572594	15.4221048	47.1034147		
1544572597	15.4219538	47.1034588		
1544572639	15.4220273	47.1034939		
1545210729	15.4369359	47.0723502	Prato im Palais	
1548464431	15.4234766	47.0686884		
1554794435	15.4178205	47.0885655		
1554794449	15.4177609	47.0886151		
1554794450	15.4177013	47.0886197		
1554794467	15.4176703	47.0886455		
1567937659	15.4502024	47.0663239	Queens	
1574711158	15.4758733	47.0526894		
1576852516	15.4292685	47.0744088	Angelique	
1582722916	15.4490502	47.0719450	Das Florian	http://www.parkhotel-graz.at/paged801.html?id=1051
1582746935	15.4185523	47.0743428	Urviech's Wirtshaus	
1582782539	15.4305034	47.0308539	Comida	
1582782544	15.4299382	47.0325330		
1582782546	15.4301863	47.0325850		
1582782549	15.4297648	47.0327509		
1582782550	15.4301335	47.0327021		
1582782559	15.4300815	47.0328173		
1587130450	15.4041879	47.0960489		
1587130452	15.4039463	47.0961576		
1587130454	15.4039712	47.0961619		
1587241565	15.4278015	47.0712218	Cafe Johanna	
1587468690	15.4088244	47.0947351	Zanklstüberl	
1587562129	15.4053837	47.0958968	Interspar Selbstbedienungsrestauarant	
1591423786	15.3949423	47.0737376		
1591423787	15.3949607	47.0737408		
1591423788	15.3950057	47.0737433		
1591423798	15.3950177	47.0737439		
1591423799	15.3949846	47.0737445		
1591423800	15.3949331	47.0737502		
1591423801	15.3950223	47.0737571		
1591423803	15.3949122	47.0737618		
1591423807	15.3948890	47.0737692		
1591423816	15.3950296	47.0737721		
1591423818	15.3948817	47.0737740		
1591423820	15.3948826	47.0737846		
1591423823	15.3950480	47.0737871		
1591423824	15.3950636	47.0737952		
1591423825	15.3948789	47.0737996		
1591423826	15.3950701	47.0738009		
1591423829	15.3948752	47.0738109		
1591423838	15.3950618	47.0738134		
1591423842	15.3948642	47.0738196		
1591423844	15.3950563	47.0738253		
1591423845	15.3948725	47.0738259		
1591423847	15.3948890	47.0738347		
1591423850	15.3950581	47.0738378		
1591423851	15.3949028	47.0738478		
1591423852	15.3950581	47.0738484		
1591423853	15.3950425	47.0738516		
1591423859	15.3950241	47.0738603		
1591423861	15.3949166	47.0738628		
1591423862	15.3950048	47.0738691		
1591423863	15.3949230	47.0738728		
1591423865	15.3949423	47.0738728		
1591423867	15.3949625	47.0738747		
1591423868	15.3949818	47.0738772		
1591423869	15.3949929	47.0738797		
1599341726	15.4312615	47.0827545	Martin Auer	http://www.martinauer.at
1599759963	15.4061449	47.0925970	ADMIRAL Sportwetten	
1601221400	15.3952398	47.0500559		
1602166350	15.3950522	47.0470898	Konditorei Kraner	www.konditorei-kraner.at
1602166412	15.3949343	47.0492254	Café Tresor	
1604790986	15.4289575	47.0668862	Fujiyama	
1613660568	15.4675064	47.0793335	Zu den 3 goldenen Kugeln	http://www.3goldenekugeln.at/
1614150254	15.4167537	47.0339508	Il Centro	
1618928383	15.4470041	47.0666215	Dim Sun	
1633416601	15.4335443	47.0651491	Cafe Bar Malibu	
1639203476	15.4192468	47.0744736	Cafe Royal Maggy	
1640722282	15.4099250	47.0702846	La Favola	
1645584096	15.4278761	47.0782002	Cafe/Bar 13	
1660596251	15.4436756	47.0610532	Bali	
1660773484	15.4367182	47.0631238	Auschlössl	
1661574876	15.4409493	47.0673214	Rox	http://www.rox-musicbar.com
1669954811	15.4399573	47.0711003		
1672588550	15.4229017	47.0864697		
1672588552	15.4228101	47.0866010		
1672588672	15.4225998	47.0865330		
1672588696	15.4226914	47.0864017		
1675118280	15.4400858	47.0667451		
1676059403	15.3741472	47.0549220		
1676059404	15.3742492	47.0549798		
1676059405	15.3739979	47.0550444		
1676059407	15.3741553	47.0550870		
1676059408	15.3741113	47.0550928		
1676059411	15.3740887	47.0550958		
1676059413	15.3739926	47.0551033		
1676059414	15.3741332	47.0551052		
1676059415	15.3742069	47.0551162		
1676059416	15.3740440	47.0551324		
1676059417	15.3741522	47.0551610		
1676059418	15.3742209	47.0552000		
1676059419	15.3738725	47.0552018		
1676059421	15.3742038	47.0552140		
1676059422	15.3743046	47.0552712		
1676059423	15.3742816	47.0552901		
1676059424	15.3742925	47.0552963		
1676059425	15.3742079	47.0553399		
1676059426	15.3742265	47.0553504		
1676059427	15.3741705	47.0553705		
1676571531	15.4629803	47.0665318	Cafe Zapo	http://cafezapo.gfsg.at/
1677400715	15.4383017	47.0831623	Gasthaus Grabenhof	
1684092408	15.4495141	47.0744236	Momiji	
1684698729	15.4370100	47.0722395	König Brot	
1687838271	15.4385561	47.0202200	Cafe	
1687899376	15.4442369	47.0658910		
1688850484	15.4307510	47.0744706	Zur Steirerstub'n	http://www.pension-graz.at/
1688851898	15.4342293	47.0785191	Luttenberger	www.luttenberger.at
1688884025	15.4373965	47.0720530	Altsteirische Schmankerlstube	
1688884031	15.4373317	47.0721253	Krebsenkeller	
1688884047	15.4470612	47.0786738	Skurril	
1688884065	15.4397984	47.0736094	continuum	
1688947660	15.4439640	47.0640031	Tick Tack	
1691891069	15.4175946	47.0744177		
1701073539	15.4394001	47.0971800		
1701073560	15.4393181	47.0971098		
1701073567	15.4396510	47.0970441		
1712441759	15.4294178	47.0807318		
1712521985	15.4293497	47.0769570		
1712522037	15.4295765	47.0769966		
1712522062	15.4292347	47.0767837		
1712522064	15.4295142	47.0770464		
1712522134	15.4291017	47.0767056		
1717695398	15.4470012	47.0680836	Cafe Nagele	
1717695424	15.4474258	47.0684360		
1721083581	15.4429434	47.0668364	Freigeist	http://www.freigeist-burger.at
1724259451	15.4342916	47.0287882		
1724259455	15.4345128	47.0288365		
1724259471	15.4342382	47.0289019		
1724259475	15.4344280	47.0289235		
1724259477	15.4344196	47.0289415		
1726610280	15.4217013	47.0498143		
1726610284	15.4218153	47.0498483		
1726610296	15.4216999	47.0498949		
1726610299	15.4217298	47.0498949		
1726610360	15.4218358	47.0500575		
1726610364	15.4217118	47.0500584		
1726610386	15.4218373	47.0501429		
1726610412	15.4217133	47.0501439		
1726610468	15.4226968	47.0502830		
1726610489	15.4225849	47.0503586		
1726610528	15.4226776	47.0504273		
1727518137	15.4482803	47.0792242	Einstein	
1727518150	15.4484269	47.0792873		
1731483468	15.4020079	47.0636733		
1731483469	15.4022304	47.0637051		
1731483476	15.4020064	47.0637872		
1731483478	15.4022203	47.0638171		
1731483479	15.4020035	47.0638208		
1731483480	15.4020989	47.0638240		
1733260592	15.4090440	47.0825924		
1733260688	15.4090108	47.0824861		
1733260728	15.4090644	47.0825546		
1733260747	15.4090400	47.0825029		
1733260822	15.4087302	47.0824727		
1733260880	15.4087060	47.0825157		
1733260976	15.4087556	47.0824673		
1733261026	15.4087020	47.0825047		
1733261047	15.4088066	47.0826262		
1733261048	15.4088093	47.0824417		
1733261079	15.4090614	47.0825275		
1733261188	15.4089863	47.0826280		
1733261288	15.4089209	47.0826532		
1733261324	15.4087087	47.0825851		
1733261368	15.4087959	47.0824718		
1733261427	15.4087302	47.0825321		
1733261444	15.4089608	47.0826316		
1733261446	15.4089337	47.0826291		
1733261458	15.4087074	47.0824855		
1733261530	15.4088120	47.0826143		
1733261580	15.4090225	47.0826170		
1733984940	15.3871252	47.1017030	Gasthaus "Zur Mühle"	
1742523301	15.4298568	47.0854368	Steirereck	
1744808273	15.4442239	47.0541793	Zum Schnupfer-Sepp	
1745847331	15.4022120	47.0708055	Sonneninsel	
1748469882	15.3743470	47.0566124		
1748469884	15.3741692	47.0566161		
1748469896	15.3743732	47.0567256		
1748469898	15.3743771	47.0567429		
1748469899	15.3742072	47.0567548		
1748469900	15.3741733	47.0567567		
1748469901	15.3743918	47.0568066		
1748469902	15.3742113	47.0568168		
1748469903	15.3742520	47.0568187		
1748469904	15.3743647	47.0568686		
1748469905	15.3742710	47.0568714		
1748469906	15.3743199	47.0568825		
1750247114	15.4439201	47.0678124	Admiral	
1750247123	15.4437161	47.0677602	BoboQ	www.boboq.de
1750247129	15.4204674	47.0680247	Cafe Lara	
1750247135	15.4506512	47.0719508	China Restaurant Jade	
1750247156	15.4440214	47.0678333	wunderBar	
1753247082	15.4393613	47.0726098	Wunder Bar	
1753247130	15.4392733	47.0725835	yogurtlove	www.yogurtlove.at
1756238830	15.4311454	47.0646251	Khura Thai "Bangkok"	
1763734775	15.4062874	47.0693619	Mensa	
1765438366	15.4331696	47.0538270	Gourmet Express	www.gourmetexpress.at
1765438401	15.4323423	47.0539162	Mampf	
1765438430	15.4100276	47.0338442	Kika	
1765438454	15.4457507	47.0667460	Schräges Cafe	
1765438515	15.4166902	47.0337273		
1765438870	15.4214824	47.0717478	Coffee & Kitchen	http://www.coffeeandkitchen.at/
1767948239	15.3993183	47.0625825		
1767948240	15.3994430	47.0627452		
1767948243	15.3992526	47.0626659		
1767949731	15.3994082	47.0626147		
1769464522	15.3851153	47.1097633		
1769464523	15.3850695	47.1096953		
1769464524	15.3853031	47.1096224		
1769464525	15.3853489	47.1096903		
1769464526	15.3852676	47.1097944		
1769464527	15.3852443	47.1097280		
1769464528	15.3854644	47.1096921		
1769464529	15.3854877	47.1097585		
1771751167	15.3979728	47.0618029	Trinkaus	
1771844719	15.4415367	47.0664124	Milk 'n' Twist	
1771844728	15.4415581	47.0662903	O'riginal	
1772850074	15.3848905	47.0469591		
1772850076	15.3848873	47.0469294		
1772850078	15.3849592	47.0469556		
1772850080	15.3849649	47.0470079		
1772850081	15.3847683	47.0469354		
1772850082	15.3847830	47.0470709		
1772850083	15.3849084	47.0470645		
1775351511	15.4787537	47.0772397		
1783487621	15.4269008	47.1037416		
1784591419	15.4217528	47.1170194		
1784591422	15.4215642	47.1170419		
1784591424	15.4218686	47.1171228		
1784591442	15.4215935	47.1171556		
1790776955	15.4169636	47.1007867	Traude & Franzi's Hexenscheune	
1794499784	15.4151211	47.0443039		
1794499785	15.4151221	47.0443969		
1794499786	15.4146330	47.0444062		
1794499787	15.4146622	47.0444062		
1798478660	15.4218054	47.1035327	Wölfl	www.woelfl-baecker.at
1798559273	15.4260948	47.1014259	café bar bahia	http://www.cafe-bahia.at/
1803107391	15.4105726	47.0906782		
1803107393	15.4102842	47.0907113		
1803107394	15.4106363	47.0907105		
1803107395	15.4102119	47.0907774		
1803107396	15.4104467	47.0907935		
1803107397	15.4104382	47.0908920		
1805062786	15.4317654	47.0647985		
1805119343	15.4641701	47.0788537		
1817847137	15.4489913	47.0789627	Uni Café	
1826503177	15.4299213	47.0760916		
1826545351	15.4319411	47.0747361	Pierre's	
1827052939	15.4036248	47.0702515	Admiral Sportwetten	
1827052946	15.4013040	47.0671219	Atas	
1827505446	15.4291542	47.0768813	Lend Bräu	
1827513801	15.4304609	47.0747229	Lendcafe	
1835636998	15.4333678	47.0682153	Club wakuum	http://www.wakmusic.at
1835872417	15.4356939	47.1186345	Günther	
1836959186	15.4637251	47.0389095	Clubino	
1837909183	15.4346940	47.0761551		
1837987174	15.4437873	47.0203969		
1837987176	15.4439691	47.0204003		
1837987216	15.4437612	47.0204527		
1837987217	15.4437851	47.0204531		
1837987235	15.4438633	47.0204899		
1837987237	15.4439655	47.0204918		
1837987259	15.4437584	47.0205242		
1837987263	15.4438619	47.0205261		
1838890562	15.4375329	47.0718875	Nespresso	
1839226499	15.4211740	47.0738435	Abendweinstube zum Landsknecht	
1839226502	15.4189159	47.0734002	Best Food Grill	
1839226503	15.4250166	47.0749375	Cafe Sunshine	
1839226504	15.4191390	47.0734462	Cafetreff	www.myeuroplay.at
1839226530	15.4270359	47.0755111	Gasthaus K. Gartner	
1839226582	15.4206415	47.0738052	Die Tomate	
1839226636	15.4210519	47.0737592		
1839226639	15.4211085	47.0737731		
1839226641	15.4210299	47.0738008		
1839226642	15.4210864	47.0738147		
1841816294	15.4622346	47.0938374		
1841816295	15.4623640	47.0937551		
1841816296	15.4620933	47.0939536		
1841816297	15.4622928	47.0938798		
1841816298	15.4625087	47.0938606		
1841816299	15.4622456	47.0939098		
1841816300	15.4622068	47.0938815		
1841816301	15.4622185	47.0940450		
1848893845	15.4334179	47.0710705	Segafredo	
1857608232	15.4301002	47.0640491	Schweitzer	
1858309198	15.5121319	47.1022309		
1858696691	15.4428300	47.0680503		
1858696700	15.4428066	47.0680640		
1858696714	15.4428073	47.0680717		
1858696716	15.4428869	47.0680749		
1858696717	15.4427819	47.0680754		
1858696723	15.4427651	47.0680927		
1858696725	15.4428962	47.0680950		
1858696727	15.4428815	47.0681063		
1858696730	15.4427658	47.0681141		
1858696732	15.4428842	47.0681237		
1858696734	15.4428615	47.0681437		
1858696737	15.4428474	47.0681492		
1859807491	15.4577687	47.0750369	Cafe Uhu	
1860008515	15.4207675	47.0922378	Mur Beach	
1865796512	15.5119587	47.1020909		
1868576672	15.4281719	47.0773110	Die Profis	
1871793367	15.4351548	47.0492112		
1871793385	15.4345298	47.0491308		
1871793398	15.4350475	47.0492971		
1871793439	15.4351253	47.0493044		
1871793448	15.4351253	47.0491619		
1871793465	15.4344655	47.0493775		
1871793467	15.4349456	47.0491363		
1871793491	15.4350153	47.0494378		
1871793502	15.4349375	47.0491765		
1871793524	15.4351038	47.0492021		
1871815070	15.3965915	47.0246434		
1873037361	15.3856452	47.1095121	Gh. Pachler zum Schmiedwirt	http://www.gasthof-pachler.at/
1878440522	15.4397854	47.0731650	Pizzeria Catharina	
1878440530	15.4394147	47.0735796	Schlösslhof	
1879146351	15.4532662	47.0728345	Happy	
1879146361	15.4516327	47.0723760	Schwarzer Adler	
1879428317	15.5109668	47.1012584		
1879428354	15.5110635	47.1012895		
1879428365	15.5110454	47.1013040		
1879428367	15.5111611	47.1013461		
1879428368	15.5108553	47.1013475		
1879428374	15.5111103	47.1013867		
1879428379	15.5111884	47.1014320		
1879428418	15.5111095	47.1014950		
1884228181	15.4860677	47.0968429		
1884228185	15.4858965	47.0968914		
1884228188	15.4859351	47.0969216		
1884228189	15.4858270	47.0969326		
1884228190	15.4861907	47.0969390		
1884228192	15.4861033	47.0969514		
1884228193	15.4857652	47.0969692		
1884228194	15.4861320	47.0969738		
1884228196	15.4859818	47.0970234		
1884228200	15.4858981	47.0970731		
1887835776	15.4308486	47.0638856	Bernsteiner	
1889752902	15.4371846	47.0453717	Gasthaus zur Puchmühle	
1895434945	15.4280870	47.0757578		
1896559955	15.4032363	47.0935359		
1896559983	15.4029822	47.0934951		
1896559995	15.4035206	47.0934099		
1896560020	15.4030921	47.0939060		
1896560022	15.4030251	47.0933381		
1896560025	15.4033131	47.0939417		
1901329232	15.4017396	47.0914072	Cafe-Imbiss Stop	
1901944369	15.4202910	47.0856546	Hofstätter	
1902561394	15.4772379	47.0943675		
1902561430	15.4774746	47.0944035		
1902561456	15.4776952	47.0944423		
1902561508	15.4771903	47.0944898		
1902561509	15.4772674	47.0945021		
1902561628	15.4772003	47.0945436		
1902561630	15.4776486	47.0945648		
1902561642	15.4777242	47.0945899		
1902561778	15.4776671	47.0946270		
1902561808	15.4773119	47.0946761		
1902561810	15.4773595	47.0946538		
1902561813	15.4776467	47.0946677		
1902561907	15.4773337	47.0946955		
1902561911	15.4777065	47.0946853		
1902562018	15.4774167	47.0947317		
1902562021	15.4776181	47.0947326		
1902562095	15.4775187	47.0947446		
1902933070	15.4698202	47.0664788		
1902933074	15.4699330	47.0665003		
1902933080	15.4697977	47.0665297		
1902933083	15.4699073	47.0665518		
1908136805	15.3930305	47.0789571	Sanlo	
1925550047	15.4318740	47.0743224	Baka?iko	www.bakaliko.at
1925597228	15.4309725	47.0746841	Macello	
1932223082	15.4360707	47.0658207	Astello	
1932223099	15.4367035	47.0638709		
1938655027	15.4423395	47.0662471	Vintage Cafe Bar	
1940170090	15.3927911	47.0633147	Cafe Piccolo	
1943951827	15.5027325	47.1135909		
1943951834	15.5024947	47.1136497		
1943951838	15.5028206	47.1137504		
1943951840	15.5025657	47.1137784		
1943951841	15.5025846	47.1137736		
1943951842	15.5027100	47.1137787		
1943951848	15.5026026	47.1138062		
1943956821	15.4949674	47.1238588		
1943956857	15.4948713	47.1239235		
1943956882	15.4952829	47.1240759		
1943956908	15.4952107	47.1241244		
1947442055	15.4050191	47.1103366		
1951800217	15.4272176	47.1075376		
1951800251	15.4270917	47.1075549		
1951800255	15.4270432	47.1075615		
1951800295	15.4271126	47.1076246		
1951800302	15.4270638	47.1076313		
1951800346	15.4272713	47.1077188		
1951800359	15.4271456	47.1077360		
1952708024	15.4231857	47.0970395		
1952708025	15.4232820	47.0970462		
1952708026	15.4234109	47.0970552		
1952708027	15.4231625	47.0971934		
1952708028	15.4231888	47.0971952		
1952708029	15.4231756	47.0972832		
1952708030	15.4233744	47.0972971		
1956277071	15.4764728	47.1193777		
1956277072	15.4763231	47.1194751		
1956277073	15.4763715	47.1195095		
1956277074	15.4766405	47.1194970		
1956277081	15.4762193	47.1196086		
1956277082	15.4763386	47.1196935		
1956277121	15.4739026	47.1202586		
1956277122	15.4739674	47.1202435		
1956277124	15.4740446	47.1202623		
1956277127	15.4739530	47.1202709		
1956277133	15.4740263	47.1202971		
1956277135	15.4740759	47.1203091		
1956277140	15.4738343	47.1203886		
1956277141	15.4738924	47.1204027		
1956277143	15.4739919	47.1204021		
1956277154	15.4740231	47.1204097		
1956277158	15.4739647	47.1204538		
1956277164	15.4740290	47.1204695		
1956277168	15.4738341	47.1205135		
1956277169	15.4739345	47.1205049		
1956277172	15.4739191	47.1205342		
1956277173	15.4740018	47.1205213		
1961474869	15.4292922	47.0850015		
1967579427	15.4383153	47.0834052	La Bodega	
1976671744	15.4359182	47.0696452	Café Erde	http://cafeerde.com/
1976671774	15.4374487	47.0702277	La Casita	
1976671778	15.4378237	47.0712235	Strombergers	
1977178511	15.4362057	47.0701912	Kapsreiter Ritterstüberl	
1977862007	15.4899345	47.0776719	Cafe Ragnitz	
1977862009	15.4853338	47.0782957	Cafe Vorstadt	https://www.facebook.com/cafevorstadt/
1978233059	15.4289422	47.0713203	Rosegger Cafe	
1978233072	15.4360471	47.0699219	Pierogi	http://www.pierogi-graz.at/
1978233154	15.4429512	47.0676703	s'Jako	
1979400738	15.4511871	47.0599349	incafe	
1985368969	15.4800938	47.0501844	San Bar	http://www.sanpietro.at
1988647039	15.3978129	47.1053068		
1990352381	15.4371534	47.0705867	Genussbar dreizehn	
1992832574	15.4440429	47.0703877	Ferl's Weinstube	
2002716405	15.4552611	47.0689104	Gasthaus Klamminger	
2006538437	15.4164971	47.0340867	Strindberg	
2021470575	15.4480889	47.0737917	Laufke	http://www.laufke.net
2021470576	15.4430568	47.0700730	Gino	http://www.ginocaffe.com
2041740911	15.4233556	47.0714101	City Garden	
2041906359	15.4335094	47.0703088	Le Passage	
2041906361	15.4231168	47.0714240	Venezia	
2041906362	15.4339771	47.0722255	Caylend	
2042061486	15.4391593	47.0691851	Buna Kaffeeladen	
2051173755	15.4633615	47.1088082		
2051173758	15.4632687	47.1088307		
2051173760	15.4633954	47.1088729		
2051173761	15.4634255	47.1088656		
2051173763	15.4632647	47.1088826		
2051173764	15.4632923	47.1088760		
2051173765	15.4634446	47.1089022		
2051173767	15.4634243	47.1089071		
2051173769	15.4633004	47.1089509		
2051173770	15.4633300	47.1089437		
2051173777	15.4634531	47.1089623		
2051173782	15.4633524	47.1089867		
2053252148	15.4298492	47.0325639		
2053252149	15.4299178	47.0325783		
2058754760	15.4248624	47.1019985	Stukitz-Stüberl	
2068054246	15.4476139	47.0696419		
2071435836	15.4515242	47.0625552	Gmota	
2074541490	15.4418557	47.0689115	Cafe Moser	
2080488663	15.4306900	47.0309550	Cocktail Bar Kiss	
2080488679	15.4410224	47.0582182	Jeden Tag	
2080488683	15.4306010	47.0311265	Oscar	
2087254857	15.4201171	47.0859265	Cafe Pub Strini	
2087345850	15.4362762	47.0256032	Fledermaus	http://www.fledermaus-graz.at
2088899992	15.4335145	47.0270246	Cafe Generals	http://www.cafegenerals.at
2088930975	15.4354587	47.0255819	alpha Card Casino	http://www.alphacasino.at
2091833744	15.3879967	47.0584545		
2091833775	15.3879579	47.0584527		
2091833776	15.3883875	47.0584730		
2091833783	15.3879336	47.0586917		
2091833786	15.3883809	47.0585516		
2093420080	15.3852109	47.0586645		
2093420081	15.3850518	47.0587297		
2093420082	15.3852751	47.0587460		
2093420083	15.3850714	47.0587514		
2093420085	15.3850200	47.0587730		
2093420086	15.3850716	47.0588298		
2111621036	15.4021034	47.0637993		
2117126903	15.4442815	47.0655410	Ginko	http://www.restaurant-ginko.at/
2117559464	15.4073242	47.1124956	St. Gotthard Stub´n	
2117559479	15.4054789	47.1126400		
2117559492	15.4054314	47.1127451		
2117559493	15.4060245	47.1127541		
2117559500	15.4059770	47.1128592		
2119272999	15.4395431	47.0716573		
2119273000	15.4395720	47.0716982		
2119273001	15.4393216	47.0717298		
2119273002	15.4395419	47.0717527		
2121793255	15.4374827	47.0704344	Revita	www.revita.at
2121793284	15.4208458	47.1026309	guggi	
2122372711	15.4237632	47.0695629		
2122372712	15.4236815	47.0695796		
2123153608	15.4351742	47.0737541		
2123153611	15.4354635	47.0738156		
2123153612	15.4351573	47.0738108		
2123153614	15.4354301	47.0738731		
2123394438	15.4235173	47.0686860		
2123394440	15.4235662	47.0687510		
2123394442	15.4237718	47.0695825		
2123645794	15.4440966	47.0722449		
2124937158	15.4503048	47.0758797		
2124937163	15.4501233	47.0759214		
2124937167	15.4502428	47.0759970		
2127117903	15.4284138	47.0756540		
2127117904	15.4284586	47.0756667		
2127117905	15.4283965	47.0756799		
2127117906	15.4284197	47.0756875		
2127117907	15.4284410	47.0756944		
2129671875	15.3950470	47.0499525		
2129671876	15.3950517	47.0500406		
2130657604	15.4511160	47.0746457	Scheinbar	
2130963304	15.4319639	47.0697960	CuntRa, Bar & Cafè	http://cuntralakunsthure.blogspot.co.at/
2130963326	15.4423113	47.0653078	Zu den 3 wegweisenden Sternen	
2131409456	15.4043508	47.0680945	Siciliana	www.siciliana.at
2131901952	15.4281229	47.0757685		
2131901953	15.4282001	47.0757914		
2131901956	15.4280448	47.0758236		
2131901957	15.4281579	47.0758573		
2136753457	15.4373353	47.0710696	Mucki's Weinstube	
2137729670	15.4116803	47.0407431		
2137729672	15.4118107	47.0407614		
2137729677	15.4116450	47.0408570		
2137729678	15.4117762	47.0408759		
2138691457	15.4388129	47.0698023	El Gaucho	http://www.elgaucho.at/graz/home.html
2139181242	15.4517309	47.0694644	Der Grieche	
2139240928	15.4440670	47.0620956	Hopfenlaube	
2139241077	15.4426934	47.0684106		
2139241082	15.4426753	47.0684264		
2139241088	15.4426564	47.0684429		
2139241092	15.4428868	47.0685134		
2139241094	15.4428498	47.0685457		
2139241096	15.4427444	47.0686376		
2140606181	15.4415477	47.0653113	Curriander	
2141640883	15.4338288	47.0694699	Generals	
2141640902	15.4318780	47.0672815	El Encuentro	
2141640913	15.4314540	47.0637732	Mirage	
2141640915	15.4319769	47.0672881	Meet me there Gasthaus	
2141640916	15.4316432	47.0670331	Cafe-Bar Solitär	
2142579314	15.4287115	47.0718620		
2142579315	15.4284997	47.0718699		
2142579317	15.4287175	47.0719368		
2142579318	15.4285052	47.0719380		
2142832590	15.4225165	47.0333963	IKEA Cafe	
2146711453	15.4290529	47.0887245		
2146711454	15.4288679	47.0887322		
2153085536	15.4308391	47.0849010	Kolonie	
2164198470	15.3939401	47.0506118		
2164198471	15.3936403	47.0506227		
2164198472	15.3933323	47.0506344		
2164198473	15.3934798	47.0506508		
2164198474	15.3936549	47.0506614		
2164198475	15.3931501	47.0506663		
2164198476	15.3934903	47.0506788		
2164198478	15.3933578	47.0507020		
2164198480	15.3939768	47.0507269		
2164198483	15.3932227	47.0508587		
2164198484	15.4042332	47.0522194		
2164198485	15.4046148	47.0522513		
2164198486	15.4042094	47.0523513		
2164198487	15.4045910	47.0523833		
2204503284	15.4863601	47.0452259		
2222611537	15.4076936	47.0534823		
2222611544	15.4076021	47.0535851		
2222611546	15.4079440	47.0535858		
2222611548	15.4077564	47.0536489		
2222611551	15.4077274	47.0536816		
2222611553	15.4078233	47.0537213		
2258876986	15.4497154	47.0781076	libresso	www.libresso-uni.at
2258877050	15.4399066	47.0895574		
2267175349	15.3995169	47.0626587		
2267175353	15.3994561	47.0627299		
2267922300	15.4452666	47.0804947		
2267922301	15.4454850	47.0805586		
2267922302	15.4452169	47.0805734		
2267922304	15.4454353	47.0806373		
2269660944	15.4172961	47.0717724		
2269660945	15.4173961	47.0717906		
2269660946	15.4174884	47.0718075		
2269660956	15.4172793	47.0723382		
2269660958	15.4175566	47.0723888		
2272080046	15.4077017	47.0740120	Cafe Irena	
2275351970	15.4146227	47.0443581		
2275351971	15.4146724	47.0444543		
2275351972	15.4153473	47.0444584		
2279584849	15.4484854	47.0664292	Buysino	
2282623441	15.4181830	47.0911511	Café Grossauer	
2284958310	15.4471761	47.0768251	Cofeba	
2286213089	15.4089851	47.0686894	Mensa	
2299236372	15.4097765	47.0727953		
2299236373	15.4096999	47.0730523		
2299236374	15.4092370	47.0729882		
2299236375	15.4093137	47.0727313		
2299236376	15.4093429	47.0729515	Pizzeria Siesta	http://www.brauhaus-graz.at/siesta/
2299926322	15.3880832	47.0584586		
2299926323	15.3880736	47.0585381		
2299926325	15.3880634	47.0586456		
2299926327	15.3883710	47.0586564		
2299926328	15.3880581	47.0586976		
2299926329	15.3880503	47.0587715		
2299926330	15.3883591	47.0587856		
2306463100	15.4035109	47.0685903	Das Kochkabinett	www.kochkabinett.at
2306948175	15.4567485	47.0458748	Arena	www.arena-pizzeria.at
2307853184	15.4048928	47.0726799	Alt Eggenberg	
2307853292	15.4049026	47.0727624	Rockets Internet	
2307853342	15.4045568	47.0728964	Wettpunkt	
2307853350	15.4052679	47.0736744	Wigo	
2307854015	15.4047713	47.0750018		
2307854018	15.4047059	47.0750048		
2307854025	15.4046957	47.0750053		
2307854035	15.4047881	47.0751738		
2307854039	15.4047088	47.0751909		
2309348915	15.4071384	47.0757778	Gulascheck	
2309509339	15.4266470	47.0603857	Inn-City Treff	
2322317566	15.4542949	47.0767188	friends	http://www.friends-time.at/
2332345597	15.4625149	47.0645914		
2341231675	15.4266590	47.0683095	Sportkegelbahnen Scheff	
2341231685	15.4267832	47.0677276	Verein Dostlar	
2348386329	15.4305779	47.0574816	Schatulle	
2348386330	15.4326184	47.0824658	Baristas	
2348386334	15.4269559	47.0709969	Buffets im UCI	
2356351846	15.4218332	47.1040026	Cafe Andritzer Hof	
2366152079	15.4204386	47.0606617	Venezia Star	
2381579936	15.4214792	47.1036298	Cafe 4+5	
2383507065	15.4641577	47.0789242		
2385348738	15.4248360	47.1127491		
2385833839	15.4268955	47.1036982		
2385833840	15.4268226	47.1037023		
2385833841	15.4268174	47.1037099		
2385833843	15.4267250	47.1037216		
2385833844	15.4267263	47.1037656		
2385833845	15.4267448	47.1037688		
2385833846	15.4267628	47.1037720		
2387608584	15.4330266	47.0733659	Cafe Baccara	
2387608620	15.4336408	47.0721368	Sterz im Mohrenwirt	
2387608711	15.4324950	47.0712620	Vinothek Prosecco	
2389390624	15.4309016	47.0741847	Jaguar	
2392201377	15.4347694	47.0766423		
2393689092	15.4480825	47.0989698		
2393706643	15.4395690	47.0969739		
2401163932	15.4501942	47.0705669	Lessing	
2401290233	15.4507013	47.0665460	Cafe Robin Hood	
2401290234	15.4505181	47.0670403	Café Mandell	
2401290238	15.4511652	47.0697416	Gaumenkino	http://gaumenkino.at/
2401290239	15.4517379	47.0664830	La Baguette	
2401443033	15.4009698	47.0401746		
2403872880	15.4221459	47.1032733		
2403872881	15.4221782	47.1033156		
2403872882	15.4218832	47.1034273		
2409499816	15.4250129	47.1002047	Café Flowers	
2422130028	15.4070377	47.0761720	Konditorei Klescher	
2428107577	15.4218503	47.1170517		
2428107578	15.4217638	47.1170620		
2431147065	15.4413650	47.0659892	Scheucher	http://www.restaurant-scheucher.at/
2431147068	15.4413537	47.0658903	Piccolo	http://www.restaurant-scheucher.at/piccolo/
2440722502	15.4320514	47.0697391	Adriane	
2440722536	15.4293912	47.0699352	Tanzstadl Klapsmühle	www.tanzstadl.at
2440869534	15.4262978	47.0541982	Felicita	
2440869546	15.4268920	47.0516925	Helgas Stüberl	
2440869587	15.4268354	47.0511634	Sportwetten	
2440869591	15.4259449	47.0512660	Sportcafe „Hermann“	
2440869718	15.4217287	47.0499232		
2440869720	15.4218126	47.0499255		
2440869739	15.4227953	47.0503516		
2442340714	15.4339056	47.0729296	Cafe Baltimore	
2442345172	15.4189626	47.0841631	Pizzeria Bellagio	
2444075882	15.4435825	47.0697039	Barista's	
2447844762	15.4293642	47.0768585		
2447844763	15.4293534	47.0768671		
2447844776	15.4294771	47.0770249		
2448322480	15.4211821	47.1044447	Zuckerwürfel	https://www.facebook.com/cafezuckerwuerfel
2448322481	15.4324891	47.0714264	La Tavernetta Enoteca	
2448322484	15.4462267	47.0673672	Rath	
2449589529	15.4010038	47.0406957		
2449589531	15.4011037	47.0407092		
2449589532	15.4011395	47.0407134		
2449589535	15.4010450	47.0407145		
2449589537	15.4010112	47.0407176		
2449589541	15.4007570	47.0407275		
2449589543	15.4008890	47.0408143		
2449589545	15.4007730	47.0408244		
2449589547	15.4009840	47.0408286		
2449589550	15.4008878	47.0408328		
2449589553	15.4006274	47.0408538		
2449589556	15.4007027	47.0408900		
2449589558	15.4011963	47.0409034		
2449589564	15.4010186	47.0409270		
2449668340	15.4624839	47.0410468	La Fleur	
2450440878	15.4403111	47.0713426	L´Osteria	www.losteria.eu
2461222638	15.3851545	47.0586851		
2463393903	15.4288099	47.0770502	Exil	
2463393904	15.4331517	47.0682726	Club-Cafe	
2463393906	15.4330266	47.0681166		
2463393911	15.4336149	47.0687810		
2463393917	15.4293496	47.0765599	Chaplin	
2463393919	15.4322067	47.0673720	Cafe Montreal	
2463393924	15.4399915	47.0706069	Klapotetz	www.vinothekklapotetz.at
2463393926	15.4323634	47.0675847	Kukuruku	
2463393945	15.4330788	47.0681991	da Piero	
2468002190	15.4419893	47.0315308		
2468002191	15.4421677	47.0315598		
2468002192	15.4418889	47.0318176		
2468002193	15.4420673	47.0318466		
2471602047	15.3997008	47.0626034	La Pizza	www.lapizzagraz.at
2474183524	15.3976507	47.1054133	Eduscho	
2474183869	15.3977965	47.1050420		
2475991591	15.4015104	47.1024999	Hooters	
2475991598	15.3974932	47.1054851	Merkur Restaurant	
2480003652	15.4287526	47.0661968	Postgarage cafe	http://www.postgarage-cafe.at
2481812022	15.4328984	47.0823682	Cafe am Hasnerplatz	
2483254727	15.4117616	47.0408729		
2489175957	15.4045771	47.0523817		
2489176135	15.4044271	47.0523693		
2489651569	15.4008292	47.0384730		
2489651572	15.4005273	47.0387775		
2489651617	15.4007099	47.0386316		
2489651624	15.4008434	47.0384726		
2489651663	15.4007012	47.0384763		
2489651672	15.4005195	47.0386365		
2489651676	15.4008598	47.0387689		
2489651687	15.4007138	47.0384760		
2490733642	15.4010608	47.0401560		
2490733881	15.4011360	47.0403272		
2490733993	15.4010449	47.0403457		
2493098993	15.4340687	47.0703151	parks	http://www.parks-graz.at/
2493534695	15.3879429	47.0586110		
2494496779	15.4100532	47.0341263	Kika Restaurant	
2494496780	15.4307259	47.0307925	Running Sushi	
2497662532	15.4004022	47.0227678		
2497662692	15.4004135	47.0229136		
2497662708	15.4006033	47.0229067		
2497662711	15.4005919	47.0227609		
2499530867	15.4392797	47.0397449		
2499530885	15.4391192	47.0401149		
2499530896	15.4390917	47.0397036		
2499530919	15.4389856	47.0400885		
2502417650	15.4012041	47.0252245	Carib	
2502419181	15.4002902	47.0242972	Stoiser's coffe and more	http://www.stoisers.at/
2503804465	15.4289045	47.0517215	Monte Cito	
2503804470	15.4444557	47.0682806	Zafita	http://www.zafita.at
2503804472	15.4292042	47.0517591	Zur Kist'n	
2505642028	15.3935525	47.0508011		
2513747863	15.4397226	47.0738272	Kirby's	
2513747864	15.4369247	47.0716088	Der Wintergarten	www.erzherzog-johann.com
2513747865	15.4411611	47.0736204	Didi Dorner	
2513747866	15.4407304	47.0621641	Magnolia	
2519241953	15.4421951	47.0655595	Casa Venti	
2522165690	15.4299348	47.0745577	Cheers	
2528188211	15.4466913	47.0490458		
2528188212	15.4467530	47.0490534		
2528188214	15.4464639	47.0490818		
2530416088	15.4398958	47.0686707	Tischlein Deck Dich	http://www.tischlein.net/
2557727308	15.4214285	47.1037525	De Merin	
2564388955	15.4314020	47.0747088	Vulcano	
2566467596	15.4430057	47.0708503	Tranquility Bar	
2568585284	15.4455788	47.0677958		
2568585285	15.4456115	47.0678178		
2568585286	15.4457210	47.0678951		
2575108229	15.4415928	47.0656014	s'Biertgartl im Ritterwirt	
2582528822	15.4213851	47.0469185	Gasthaus Hochl	
2584130191	15.4771976	47.0944273		
2603089447	15.4442598	47.0686945	Thalia	http://www.diethalia.com/
2603428177	15.4466738	47.0750466	parks	http://www.parks-graz.at/
2620293592	15.4388970	47.0717239	Pony Lodge	http://www.ponylodge.at/i
2635693029	15.4344357	47.0705135	Speisesaal	
2670517779	15.4565672	47.0857498	Dea	
2672305205	15.4214761	47.1041171	Jugend[Cafe]Andritz	
2672305207	15.4312277	47.0655776	crepe revolutions	
2673805099	15.4195015	47.0717515	Granola	http://www.granola-company.at/
2675565659	15.4426339	47.0696630	Martin Auer	http://www.martinauer.at
2678404873	15.4567064	47.0841284	Martin Auer	
2678517157	15.4401637	47.0692803	Saray	http://www.saray-graz.at
2717015396	15.4573306	47.0445115	Las Vegas	http://www.lasvegas-graz.at/
2774008118	15.4337443	47.0718689	Capperi!	
2777421323	15.4564257	47.0372316	Trattoria Veneziana	www.tattoria-veneziana.at
2777505319	15.4466191	47.0752251	Café d’ ART	https://de-de.facebook.com/cafedartGraz
2790205747	15.4525042	47.0721700	Green Pub	
2819483385	15.4362423	47.0715628		
2832786403	15.4181587	47.0881994	Cafe Casetta	
2848941256	15.4394095	47.0728004	Loana	
2848941908	15.4422203	47.0709503	Trattoria Gerry	
2849211546	15.4176150	47.0885812		
2856087088	15.4413069	47.0649013	Cafe Martinelli	
2888092836	15.4384434	47.0673526	La Meskla	http://www.lameskla.com/
2896640166	15.4284274	47.0772850	CityClub	
2896654606	15.4313478	47.0747791	Saint Tropez	
2896654607	15.4315122	47.0747699	Der Marktgraf	
2896675207	15.4311674	47.0743397		
2896675208	15.4310802	47.0742417		
2896756743	15.4313989	47.0742188	Mike's	
2896756744	15.4310467	47.0746318	Die süße Luise	facebook.com/DieSusseLuise
2896756745	15.4313497	47.0745564		
2896756746	15.4313985	47.0745228		
2896756747	15.4313580	47.0744955		
2896756748	15.4313091	47.0745292		
2911732717	15.4604372	47.0680802	Akropolis	
2917352920	15.4239866	47.0634349	Tower Café	
2926349155	15.5121082	47.1022763		
2930097700	15.4422136	47.0709114	Joma Fashion Concept Store	www.jomafashion.at
2930098001	15.4509916	47.0670412	Pizzeria Volta	
2933296101	15.4508357	47.0829362	Allee 11	http://www.allee11.at
2933296107	15.4507402	47.0804901		
2933296165	15.4501730	47.0801603	Rock Keller	www.rock-keller.at
2933412834	15.4389759	47.0709359	Muhr	
2934256252	15.4434120	47.0666816	Salü	
2934689122	15.4411257	47.0558954	Gasthaus Anita	
2940574715	15.4444439	47.0738829		
2940574716	15.4443599	47.0737952		
2940574718	15.4442594	47.0737998		
2940574719	15.4444417	47.0738582		
2940574721	15.4443452	47.0740181		
2940574724	15.4443998	47.0739922		
2940574729	15.4444149	47.0738208		
2940574738	15.4441967	47.0738793		
2940574741	15.4443103	47.0737888		
2940574747	15.4442285	47.0738171		
2940574752	15.4444455	47.0739014		
2948695104	15.4120068	47.0503983	Gasthaus zur Traube	
2948695361	15.4146405	47.0527940	iN pub	
2954189602	15.4922646	47.1073765		
2967506236	15.4477508	47.0547778	atelier	http://www.roomz-graz.com
2972015661	15.4007985	47.0726478		
2972015731	15.3996255	47.0724118	trinkbar	
2974284009	15.4312950	47.0747842	Nonna	http://www.facebook.com/nonnagraz
2974815382	15.4362195	47.0714607		
2974815383	15.4362588	47.0715675		
2974815384	15.4362858	47.0717274		
2974815385	15.4363643	47.0717499		
2974815386	15.4432340	47.0665933	Café Grün	
2974964140	15.4063772	47.0702482	Barista's	
2980071583	15.4413482	47.0671737	Haltestelle	
2980071585	15.4481469	47.0664442	Jugendtreffpunkt Dietrichskeusch'n	
2988239385	15.4220997	47.1034221		
2989087764	15.4269320	47.0605481	Cappuccino	
2989087765	15.4307073	47.0595412	Club Orhan 1	
2989385112	15.4260821	47.0657562	Palmyra	
3000520360	15.4240216	47.0849722	Charly´s Treff	www.charlys-treff.com
3002784063	15.4319620	47.0660738	Cuntra la Cultra	
3008508807	15.4328669	47.0735403	Cafe Lotte	
3008508808	15.4406960	47.0706955	Champions Pub and Grill	
3008508809	15.4411423	47.0710248	Graz01	
3008508934	15.4294404	47.0745287		
3017924289	15.4676257	47.0806890	LKH Café Medico	http://www.baeckerei-kern.at/
3018432433	15.4331309	47.0731125	Rangoon Cocktailbar	
3026960756	15.4525660	47.0724518	Athina	
3026960758	15.4375056	47.0693938	Vapiano	http://at.vapiano.com/de/restaurants/vapiano-graz-sparkassenplatz-4/
3028526566	15.4398190	47.0724541	Cosimo	
3028526567	15.4390934	47.0714198	Torona	
3034543155	15.4371492	47.0711152	Mehlschwalbe	
3037799597	15.4370987	47.0718479	Tagescafe Freiblick (Skywalk)	http://freiblick.co.at/
3048134037	15.4393903	47.0718981	LUI Aperitivo	
3070411926	15.4418694	47.0836279	Kreuzschwestern	
3080468806	15.4378451	47.0679508	Piccolino	
3080935514	15.4106682	47.0996976	Murheuriger	
3096409282	15.4266460	47.0601909	Zu den 3 goldenen Kugeln	
3096409330	15.4273417	47.0601028		
3108951529	15.4519708	47.0694090	Kardamom	https://www.facebook.com/kardamom.graz
3109267171	15.4381968	47.0685642	JOAN Cafe & Bar	
3114623160	15.4389721	47.0399686		
3114623161	15.4390318	47.0399805		
3117535089	15.4411812	47.0576287	Pinzgauer Stub'n	
3117535100	15.4500367	47.0525614	CvH	
3120487116	15.4385514	47.0689695	Tango	
3120739100	15.4326150	47.0514677	Blackout	
3120739101	15.4323114	47.0524341	Bombon	
3120739103	15.4325284	47.0476088	Hotel Meazza	
3127764092	15.4442677	47.0700034	Vinothek bei der Oper	
3132807275	15.4452417	47.0805342		
3184804425	15.4489796	47.0719400		
3242927994	15.4368119	47.0631454		
3242927995	15.4368419	47.0630936		
3242927996	15.4366212	47.0630345		
3242927997	15.4366054	47.0630619		
3242927998	15.4366662	47.0630782		
3242927999	15.4366521	47.0631027		
3242928001	15.4367624	47.0630723		
3276436504	15.4556357	47.0377751	In's Pfandl	http://www.inspfandl.at/
3300746828	15.4497472	47.0637617	Gallo d'Oro	
3310190286	15.4405477	47.0711571	Gamlitzer Weinstube	
3310307206	15.4407904	47.0713738	Schubertcafé	
3325877792	15.4364150	47.0748720		
3332217893	15.4580759	47.0465702	nullneun	http://www.nullneun.at/
3356990378	15.3881841	47.0587781		
3357584171	15.4398995	47.0708798	Mau Shi de Wind'n	
3360065397	15.4262206	47.0532989		
3362464663	15.4499371	47.0800314	L'Originale	
3394599976	15.4287297	47.0772678	Adrina Grill	
3406084877	15.4242140	47.1026135	Admiral	
3428488652	15.3957240	47.0577521	BioShop	http://www.bioshopgraz.at/
3448213576	15.4421867	47.0707147	Steak Boutique	http://www.steak-boutique.at
3491232810	15.3815490	47.1037539		
3528125785	15.4527654	47.0584521	Cafe Phönix	
3532900151	15.4316846	47.0688204	Burger Factory	http://www.burger-factory.at/
3534219914	15.4394168	47.0706266		
3535712332	15.4059726	47.1127432		
3562211663	15.4426928	47.0648926	Take the Cake	
3574810804	15.4925246	47.1071973		
3578292689	15.4424989	47.0645781	dean&david	http://deananddavid.de
3578415625	15.4115561	47.0662068	Café on Tour	
3579950593	15.4411675	47.0651653	Schnitzelhaus	
3579990762	15.4219390	47.0737970	Café Helga	
3586787007	15.4430782	47.0645478	Culture Exchange	
3590610471	15.3998076	47.0715124		
3596146445	15.4711844	47.0672343		
3615343928	15.4695910	47.0804761	medicus - café - bar - lounge	http://www.medicus-lounge.at
3615772354	15.4423957	47.0705746	Caliano	
3615772358	15.4089868	47.0905511	Il Hero Gino	
3615772372	15.4123485	47.0878833	Salz & Pfeffer	
3654379121	15.4486796	47.0665732	Tagtraum	
3671244697	15.4487294	47.0625372	Cafe Golf	
3692884712	15.4400016	47.0701559	Bar Albert	http://www.bar-albert.com
3711663002	15.4025086	47.0702156	Merkur Restaurant	
3714795426	15.4463632	47.0683512	Rossian	http://www.rossian.cc
3732208113	15.4413334	47.0655644	Cafe Silber	http://www.cafe-silber.at/cafesilbersalue/index.htm
3732208156	15.4416030	47.0657794	Stars	
3744712435	15.4444114	47.0818993	Kornati	
3755898866	15.3984028	47.0982889		
3765548162	15.4172577	47.0718699		
3765548163	15.4174497	47.0719057		
3765548168	15.4171765	47.0723194		
3767295332	15.4172342	47.0721653		
3767295333	15.4173398	47.0721854		
3767295338	15.4175071	47.0722734		
3767295339	15.4174658	47.0723722		
3778479484	15.4400605	47.0683763	Mild - Sandwichclub	http://feinkostmild.at/
3794010708	15.4851700	47.0432688	Kupferstadl	http://kupferstadl.at
3799822850	15.4641859	47.0787636		
3804632004	15.4368443	47.0837780	Caritas Cafe Paul	https://www.caritas-steiermark.at
3808825635	15.4404038	47.0740732	Condor	
3823132273	15.4340647	47.0660568	Vina	http://www.vina-restaurant.at/
3828294264	15.4495808	47.0640214	das Müller	
3865640080	15.4457097	47.0667493	Pizzata	
3869374521	15.4206987	47.0711966	Leiner Restaurant	
3869891035	15.4431393	47.0700961	Tergeste	
3884601212	15.4286465	47.0712169	Conte	
3890369196	15.4432919	47.0807525	Don Camillo	
3950765410	15.4322417	47.0713720		
3974183063	15.4175225	47.0723826		
3991941977	15.4470111	47.0683214	Pellini	
3999272455	15.4789529	47.0203317	Betriebskantine Magna	
3999272456	15.4818665	47.0236741	Betriebskantine Magna	
3999273657	15.4727266	47.0207705	Betriebskantine VG-Nord	
4005527493	15.4400419	47.0707897	Ginko Green House	http://www.restaurant-ginko.at/
4009639675	15.4104181	47.0956884	Tafelzimmer im Wohlfühlhotel	
4036074040	15.4839514	47.0681181	Casa Rustica	http://www.casa-rustica.at/
4036074069	15.4582204	47.0695940	Cafe Schillertreff	
4062689452	15.4440909	47.0541613		www.davinci-pizza.at
4078445136	15.4267779	47.0687291	Agu Okoye	
4078495097	15.4311259	47.0668982	Cafe Gries	
4078495098	15.4296877	47.0668607	Cafe Rosselmühl	
4078505531	15.4337698	47.0702942	Secret Garden	
4078505532	15.4325028	47.0711090	by Luis	
4078509237	15.4338696	47.0692825	Cafe Royal	
4085622493	15.4267659	47.0601574	Beyti	
4086165292	15.4850429	47.0363410		
4086165293	15.4849074	47.0362624		
4086165294	15.4848725	47.0362469		
4086165295	15.4849061	47.0362131		
4086165296	15.4850844	47.0362944		
4138473893	15.4591085	47.0553154	Lucky's Heuriger	
4175674207	15.4640128	47.0789124		
4196821901	15.4496066	47.0759846	Das Wieltsch - Harmony Gourmet	
4217423709	15.4233965	47.0971506		
4217423710	15.4234527	47.0971545		
4217423711	15.4233886	47.0972030		
4217423712	15.4234447	47.0972069		
4221664091	15.4353358	47.0750462	Schlussberg	
4225723710	15.4447373	47.0720533		
4229172810	15.4550306	47.0641394		
4241461988	15.4711858	47.0576417		
4241462291	15.4713240	47.0576869		
4242108680	15.4229161	47.0714321	Annen Cafe	
4242108682	15.4227927	47.0714308	Europlay	
4242674205	15.4212365	47.0924430		
4242674206	15.4211782	47.0924132		
4242674207	15.4213822	47.0922406		
4242674208	15.4214435	47.0922723		
4242963022	15.4669068	47.0796166	Pastini	
4242963026	15.4454405	47.0680246		
4242963078	15.4668111	47.0795264		
4250544503	15.4534151	47.0661702		
4250544504	15.4534158	47.0661779		
4250544506	15.4534292	47.0661889		
4251235478	15.4442545	47.0722743		
4255447482	15.4443198	47.0740171		
4256013695	15.4696686	47.0770531	Osteria dei Sensi	
4272362169	15.4602330	47.0808237		
4272362207	15.4624260	47.0938003		
4272362213	15.4624614	47.0938906		
4272362219	15.4623923	47.0939346		
4272989519	15.4494707	47.0449635	Bäckerei Konditorei Arena	
4291074818	15.4629260	47.0356767	TAI BAI	
4291611533	15.4399104	47.0734328	Pek Snack	
4293467315	15.4397536	47.0792716	Humboldtkeller	www.humboldtkeller.at
4295146301	15.4454703	47.0677726		
4295146318	15.4453175	47.0678734		
4295146323	15.4452555	47.0679899		
4297022925	15.4395864	47.0717186		
4297207377	15.4355131	47.0737333		
4297207379	15.4354869	47.0737781		
4298812388	15.4419559	47.0695203	Im Hof	
4303206505	15.4385363	47.0659382	Basement	
4307567656	15.4024683	47.0886023	Mr. Chen	
4315325816	15.4479992	47.0621479	Cafe M&R	
4327958521	15.3714946	47.0542786	Tenniscafe	
4327958522	15.3654006	47.0500575	Thorbauer	
4331453670	15.4412233	47.0766598		
4331453671	15.4412518	47.0766540		
4331453673	15.4412369	47.0766204		
4331453674	15.4412085	47.0766263		
4331453675	15.4412017	47.0766460		
4342096393	15.4257225	47.1020882	Pizza Maxxx	
4371176060	15.4369605	47.0756244		
4371176088	15.4367113	47.0759999		
4371176389	15.4365155	47.0760060		
4371176392	15.4367909	47.0760494		
4371176408	15.4367463	47.0762266		
4371176464	15.4364609	47.0765361		
4374698990	15.4522335	47.0650877	Mia & Mason	
1000000024471438	15.5123100	47.1026565	Schaftalstraße	
1000000027683805	15.5117290	47.1019534	Stiftingtalstraße	
1000000033263573	15.4082784	47.0643288	Cafe Impuls	
1000000069305181	15.4529346	47.0593497	Acapulco	
1000000071972146	15.4589390	47.0612393	Gasthaus zum Ganster	
1000000072036072	15.4554561	47.0604618	mo.xx	
1000000082209655	15.4466223	47.0490110	Liebenauer Hof	
1000000082719491	15.4454882	47.0679045	Brandhof	
1000000082748431	15.4940556	47.1066622	Ohnime	
1000000082748434	15.4925903	47.1073137	Zum Kirchenwirt	
1000000083276804	15.4363795	47.0749090	Starcke Häuschen	www.starcke.at
1000000083276808	15.4396700	47.0782385	Landessportzentrum Steiermark	http://www.lsz-graz.at/
1000000083276814	15.4348091	47.0766340	Sub	http://www.subsubsub.at/
1000000083276826	15.4347561	47.0761541	Taj Mahal	http://www.tajmahal-graz.at/
1000000083276838	15.4365746	47.0762815	Schloßberg Restaurant / Bar	
1000000083714707	15.4293630	47.0458389	Hochl	
1000000083824581	15.4550336	47.0642240	Gallier	
1000000083824589	15.4548544	47.0643865	Gösser Stüberl	
1000000084127329	15.4164531	47.0376993	Caffee Valentino	
1000000084141243	15.4315688	47.0755542	Immervoll	
1000000084187172	15.4291563	47.0849994	Goldener Fisch	
1000000084573764	15.4678491	47.0789872	Cafe St. Leonhard	
1000000084573789	15.4640993	47.0788380	Schanzlwirt	
1000000084894842	15.4476553	47.0695961	Eschenlaube	
1000000085511118	15.4636972	47.0781612	Cafe Muckenauer	
1000000085580307	15.4576466	47.0400521	Edler & Atzl	
1000000085580333	15.4616323	47.0385357	Pizza-Stadl	
1000000085715558	15.3952680	47.0499403	Cooking Wu	
1000000085899371	15.4625913	47.0645424	Attention	http://www.attention-graz.at
1000000086058385	15.3997218	47.0226806	Orthacker-Meyer	http://www.orthacker-meyer.at/
1000000086174302	15.4322445	47.0713302	La Tavernetta	
1000000086529214	15.4534221	47.0661284	Gasthaus am Felix-Dahn-Platz	
1000000087979332	15.4098507	47.0820355	Pizzaiolo Calamar	
1000000088015872	15.4466335	47.0662760	Binder	
1000000088048326	15.4312453	47.0745903	Draxlers's Imbiss	
1000000089059443	15.4439080	47.0653695	Masala	www.masala.at
1000000089087127	15.3950137	47.0721245	Rudolf	http://rudolf-brau.com
1000000089166069	15.4284927	47.0755629	Gasthof Gehringer	
1000000090533090	15.4367936	47.0758207	Schloßberg Biergarten	
1000000094337869	15.4046655	47.0747098	Kirchenwirt	
1000000094468634	15.4441778	47.0722973	Cafe Promenade	http://promenade.aiola.at
1000000095659429	15.4289573	47.0887830	Trattoria Osteria Siena	http://www.trattoria-siena.at/
1000000096696947	15.4270339	47.0543056	Fasching's Gasthaus	
1000000103570449	15.4711678	47.0671982	Sternwirt	
1000000108569325	15.4484859	47.0352443	Uwe's Beisl	
1000000109387414	15.4553890	47.0380012	Adi's Heuriger	
1000000113969115	15.4767802	47.0782951	Long	
1000000118286974	15.3840530	47.0310766	Kehlberghof	
1000000120940572	15.4447565	47.0720108	Kombüse	
1000000125225887	15.4249826	47.1126772	Johanneshof	http://www.johanneshof-heuriger.at/
1000000126226582	15.4482039	47.0989727	Stoffbauer	http://www.stoffbauer.com
1000000130072747	15.4294995	47.0807189	Zum Grünen Baum	
1000000130667386	15.4177364	47.0885594	Grazerwirt	
1000000130738011	15.4221407	47.0840660	Zum Kerzenschein	
1000000130856095	15.4738940	47.0567655	Wang	
1000000130856129	15.4713010	47.0576087	Cafe Mitterbauer	
1000000133531976	15.4442399	47.0739657	Parkhouse	
1000000133532712	15.4557349	47.0923523	Restaurant Baumgartner zum Kaltenbrunn	
1000000134532595	15.4691511	47.0226270	Wasserpalast	
1000000134532769	15.4678286	47.0218251	Pizzeria Forno Antico	http://www.fornoantico.at
1000000138444277	15.4935350	47.0539302	Bergwirt	
1000000138444408	15.4865310	47.0452788	Zur Schmied`n	http://www.schmiedn.at
1000000143909082	15.4760394	47.0526078	Konfuzius	www.konfuzius.at
1000000144777647	15.4299755	47.0326751	bur	
1000000145288265	15.4040658	47.0961331	Zum Stern	http://www.zum-stern.at
1000000145802721	15.3949671	47.0738086	Cafe Pavillon	
1000000154776962	15.4227507	47.0865013	Don Alfredo	www.don-alfredo.at
1000000155188264	15.3740885	47.0551462	Gasthaus Dorrer	
1000000157865617	15.4394845	47.0970769	Kreuzwirt	http://www.kreuzwirt.temmel.at.tf/
1000000159151959	15.4293053	47.0768760	Zum Platzhirsch	
1000000160379083	15.4343755	47.0288648	La Fleur	
1000000160609994	15.4217745	47.0501007	Szetschuan	
1000000161148734	15.4021169	47.0637486	Happy Burger	http://www.happyburgergraz.at/
1000000161333727	15.4088832	47.0825474	Cafe Polanz	
1000000163072599	15.3742805	47.0567474	Hu Nan	
1000000165396636	15.3852091	47.1096928		
1000000165396637	15.3853659	47.1097432		
1000000165753922	15.3848665	47.0470001	Mostschänke Grießner	http://www.wellnett.at/branchen/buschenschank/Steiermark/Graz(Stadt)/6654/Mostsch%E4nke+Grie
1000000167052700	15.4217164	47.1170875	Cafe Romana	www.cafe-romana.at
1000000169142910	15.4104240	47.0907851	Langensiepen Stüberl	http://www.langensiepenstueberl.at/
1000000172968719	15.4438637	47.0204615	Rudersdorfer Stüberl	
1000000173094886	15.4210691	47.0737869	Mexikanische Restaurant	
1000000173346312	15.4623009	47.0939000	Wiener Wirt	
1000000175244926	15.4428306	47.0680997	Opern Pavillon	
1000000176701374	15.4348101	47.0492843	818 WANG	
1000000177520541	15.5110218	47.1013767	Stifting Stübl	
1000000178028247	15.4859779	47.0969580	Roseggerhof	http://www.der-roseggerhof.at
1000000179313992	15.4032514	47.0936399		
1000000179829481	15.4774572	47.0945560	Häuserl im Wald	
1000000179860441	15.4698653	47.0665153	Sorger	
1000000183961248	15.5026576	47.1136985	Gruberwirt	www.gruberwirt.at
1000000183961423	15.4950770	47.1239916	Sternwirt	
1000000184682947	15.4271572	47.1076368	Zum Heimkehrer	
1000000184758433	15.4233075	47.0971683	Gasthof Pfleger	http://gasthof-pfleger.at
1000000185046133	15.4739549	47.1203888	Buschenschank Pölzer	
1000000185046134	15.4764298	47.1195356	Gasthof Meinhard	
1000000194614059	15.4633588	47.1088974	Buschenschank Erart	
1000000199148362	15.3881605	47.0585751	Al Forno	http://pizzeria-alforno-graz.at/
1000000199339595	15.3851475	47.0587471	Große Mauer	
1000000201740828	15.4057279	47.1127496	aiola im Schloss	
1000000201920364	15.4394596	47.0717256	Restaurant Dionysos	
1000000202348329	15.4352969	47.0738432	Midori	
1000000202366142	15.4234793	47.0687221	Cafe Melody	
1000000202366143	15.4237479	47.0696296	Internet Cafe	
1000000202527242	15.4502026	47.0759201	Posaune	
1000000203211110	15.4281224	47.0758075	Shun Feng	
1000000203777939	15.4117278	47.0408095	Cafe New York	
1000000203922132	15.4427022	47.0685241	Operncafe	http://www.operncafe.at/
1000000204247331	15.4286113	47.0719373	Osaka	
1000000206413801	15.4044121	47.0523013	Hollywood Music Pub	
1000000206413802	15.3935634	47.0507352	Hotel-Restaurant Lindenwirt	
1000000212408943	15.4077730	47.0536018	Pizza Presto	
1000000217453601	15.3993847	47.0626638	Cafe Rosso	
1000000218271962	15.4149793	47.0443811	Clock-Tower	
1000000220842088	15.4095067	47.0728918	Brauhaus Graz-Eggenberg	http://www.brauhaus-graz.at/
1000000220921603	15.3882155	47.0586618		
1000000221771125	15.4047418	47.0750963		
1000000230057948	15.4268129	47.1037351	Chili	
1000000232041412	15.4220307	47.1033836	Don Camillo	
1000000236013013	15.4226900	47.0503551	Cafe Morgans	
1000000236013023	15.4217575	47.0498699	Pizza Bella	http://www.pizza-bella.at
1000000237011445	15.4009118	47.0408113	Bauernwirt	
1000000238994588	15.4420282	47.0316887	greenrooms Graz	
1000000241282336	15.4006896	47.0386250	Neuer Stern	
1000000241431642	15.4010529	47.0402508	Neu-Hart	
1000000242254858	15.4005027	47.0228372	Zur alten Schmiede	
1000000242493812	15.4391258	47.0399092	AMERICAN ROADHOUSE	http://www.americanroadhouse.at/
1000000286028300	15.4311878	47.0742605	Cáfe Bar	
1000000286042008	15.4313537	47.0745259	Cafe Eis Palermo	
1000000290536878	15.4443140	47.0739034		
1000000293906131	15.4363370	47.0716053	Ristorante Paradiso	
1000000308001317	15.4453509	47.0805660	Kaffeehäferl	
1000000317953886	15.4367236	47.0630899		
1000000373217850	15.4173730	47.0718390	Don Camillo	
1000000373217853	15.4175307	47.0723311	Lavazza	
1000000373217869	15.4172581	47.0722517	Sushi Yan	
1000000406562310	15.4849784	47.0362770	Ess:Bar CenterOst	
1000000424908184	15.4213108	47.0923418		
1000000430446890	15.4353612	47.0736992	Villa D’oro	http://villadoro.at/
1000000435208754	15.4412300	47.0766401	Eichkatzl-Stubn	
2000000002203534	15.3852874	47.1097180	Gasthof Schmiedwirt	www.gasthof-pachler.at
2000000002341176	15.5120195	47.1023049